,구분,대여소번호,대여소명,대여소 주소,위도,경도,시간당이용건수(새벽),시간당이용건수(출근),시간당이용건수(낮),시간당이용건수(퇴근),시간당이용건수(밤)
0,마포구,101,(구)합정동 주민센터,서울특별시 마포구 동교로8길 58,37.549561,126.905754,35.57,65.0,100.0,154.33,83.75
1,마포구,102,망원역 1번출구 앞,서울특별시 마포구 월드컵로 72,37.556,126.910454,120.14,364.0,318.29,598.33,464.5
2,마포구,103,망원역 2번출구 앞,서울특별시 마포구 월드컵로 79,37.554951,126.910835,98.86,180.0,245.43,427.0,378.25
3,마포구,104,합정역 1번출구 앞,서울특별시 마포구 양화로 59,37.550629,126.91498600000001,77.43,120.33,276.0,595.0,435.75
4,마포구,105,합정역 5번출구 앞,서울특별시 마포구 양화로 48,37.550007,126.914825,66.0,120.67,187.29,340.33,233.0
5,마포구,106,합정역 7번출구 앞,서울특별시 마포구 독막로 4,37.548645,126.91282700000001,185.43,189.33,383.57,923.67,687.0
6,마포구,107,신한은행 서교동금융센터점 앞,서울특별시 마포구 월드컵북로 35,37.55751,126.918503,126.86,258.33,267.29,491.67,346.5
7,마포구,108,서교동 사거리,서울특별시 마포구 양화로 93,37.552746,126.918617,117.29,58.33,167.57,384.67,339.25
8,마포구,109,제일빌딩 앞,서울특별시 마포구 어울마당로 26,37.547691,126.919983,122.71,95.67,189.14,389.67,338.5
9,서대문구,110,사천교,서울특별시 서대문구 홍제천로 11,37.568199,126.917847,20.71,88.33,57.14,95.0,95.5
10,마포구,111,상수역 2번출구 앞,서울특별시 마포구 와우산로 40,37.547871,126.92353100000001,110.86,131.33,251.43,447.67,455.5
11,마포구,112,극동방송국 앞,서울특별시 마포구 와우산로 56,37.549202,126.923203,142.43,155.0,271.43,482.33,454.5
12,마포구,113,홍대입구역 2번출구 앞,서울특별시 마포구 양화로 165,37.557499,126.923805,228.86,370.67,652.14,1719.67,1127.5
13,마포구,114,홍대입구역 8번출구 앞,서울특별시 마포구 양화로18길 3,37.55706,126.924423,154.14,85.67,290.29,640.0,653.25
14,서대문구,115,사루비아 빌딩 앞,서울특별시 서대문구 연희로 6,37.558933,126.927116,127.86,226.33,226.71,410.33,411.5
15,서대문구,116,일진아이윌아파트 옆,서울특별시 서대문구 동교로 290,37.564541,126.927071,57.0,263.33,199.0,303.0,213.75
16,서대문구,117,홍은사거리,서울특별시 서대문구 통일로 483,37.591159999999995,126.94133000000001,47.71,131.0,169.43,294.0,203.5
17,마포구,118,광흥창역 2번출구 앞,서울특별시 마포구 독막로 지하165,37.547733,126.93176299999999,100.57,228.0,217.43,357.33,312.25
18,마포구,119,서강나루 공원,서울특별시 마포구 창전로 30,37.545284,126.931053,84.0,278.33,220.57,326.33,208.75
19,마포구,120,신수동 사거리,서울특별시 마포구 토정로 211,37.545242,126.93411299999998,30.43,113.67,95.43,137.67,97.75
20,마포구,121,마포소방서 앞,서울특별시 마포구 창전로 76,37.549766999999996,126.933174,28.29,160.67,109.0,119.33,115.25
21,마포구,122,신성기사식당 앞,서울특별시 마포구 독막로 223-1,37.547249,126.93929299999999,53.57,266.0,208.14,260.67,195.25
22,서대문구,123,문화촌 공원,서울특별시 서대문구 홍제동 277-23,37.59433,126.94738799999999,19.43,94.67,62.0,105.33,65.75
23,마포구,124,서강대 정문 건너편,서울특별시 마포구 서강로16길 72,37.551140000000004,126.93698899999998,109.14,246.67,284.43,426.0,369.75
24,마포구,125,서강대 남문 옆,서울특별시 마포구 백범로 35,37.549484,126.93895,86.71,130.0,313.0,450.33,364.75
25,마포구,126,서강대 후문 옆,서울특별시 마포구 대흥로 122,37.550411,126.943848,119.43,195.67,352.43,547.33,382.25
26,마포구,127,현대벤처빌 앞,서울특별시 마포구 백범로 10,37.55352,126.93695100000001,72.29,91.0,116.86,175.0,176.25
27,서대문구,128,신촌역(2호선) 1번출구 옆,서울특별시 서대문구 연세로 3-5,37.555496000000005,126.93633999999999,118.43,107.0,243.43,448.67,445.75
28,마포구,129,신촌역(2호선) 6번출구 옆,서울특별시 마포구 신촌로 106,37.555054,126.937569,87.14,122.0,117.0,226.0,292.25
29,마포구,130,신촌역(2호선) 7번출구 앞,서울특별시 마포구 신촌로 94,37.554859,126.93615700000001,68.14,98.33,163.71,340.67,338.25
30,서대문구,131,증산2교,서울특별시 서대문구 증가로 264,37.584171000000005,126.911102,36.14,186.33,132.86,225.67,157.0
31,서대문구,132,창천문화공원,서울특별시 서대문구 연세로5나길 19,37.556789,126.935883,126.0,59.33,162.43,319.33,315.25
32,서대문구,133,해담는다리,서울특별시 서대문구 불광천길 150,37.582031,126.908997,19.14,105.33,117.0,176.67,160.25
33,서대문구,134,연세로 명물길,서울특별시 서대문구 명물길 33,37.557891999999995,126.93808,63.86,35.33,95.43,161.0,192.5
34,마포구,136,대흥동 주민센터,서울특별시 마포구 신촌로26길 10,37.555690999999996,126.942451,20.57,141.33,76.86,97.33,66.25
35,서대문구,137,NH농협 신촌지점 앞,서울특별시 서대문구 연세로2다길 58,37.556812,126.943184,38.86,46.67,103.29,149.33,164.75
36,서대문구,138,신촌동 제1공영주차장 앞,서울특별시 서대문구 증가로 264,37.559177000000005,126.934525,86.71,197.0,141.29,186.67,163.0
37,서대문구,139,연세대 정문 건너편,서울특별시 서대문구 연세로 42,37.559795,126.93447900000001,50.71,94.0,101.43,217.33,165.75
38,서대문구,140,이화여대 후문,서울특별시 서대문구 연세로 50-1,37.560009,126.940735,30.86,34.0,132.29,262.0,153.75
39,서대문구,141,연대 대운동장 옆,서울특별시 서대문구 연세로 50,37.562382,126.932648,45.29,108.0,150.29,250.0,200.5
40,마포구,142,아현역 4번출구 앞,서울특별시 마포구 아현동 329-15,37.557201,126.955666,58.0,194.33,114.14,161.67,163.75
41,마포구,143,공덕역 2번출구,서울특별시 마포구 공덕동 257-88,37.544579,126.95021799999999,53.43,82.0,188.14,348.0,232.75
42,마포구,144,공덕역 8번출구,서울특별시 마포구 공덕동 438-5,37.543579,126.951324,105.43,295.0,292.71,607.67,494.75
43,마포구,145,공덕역 5번출구,서울특별시 마포구 공덕동 237-9,37.54425,126.951637,52.14,145.0,166.86,231.0,180.5
44,마포구,146,마포역 1번출구 뒤,서울특별시 마포구 도화동 555-2,37.539936,126.945824,84.0,153.0,234.43,597.33,411.75
45,마포구,147,마포역 4번출구 뒤,서울특별시 마포구 도화동 292-29,37.539272,126.94591499999999,61.14,180.67,193.43,448.0,261.25
46,마포구,148,용강동 주민센터 앞,서울특별시 마포구 용강동 234-1,37.542347,126.943024,39.71,294.67,132.86,218.33,179.25
47,마포구,150,서강대역 2번출구 앞,서울특별시 마포구 노고산동 112-13,37.552956,126.93434099999999,75.71,163.33,183.14,266.67,293.75
48,마포구,151,망원1동주민센터,서울특별시 마포구 망원동 403-2,37.555687,126.905548,32.29,174.67,181.71,251.33,185.5
49,마포구,152,마포구민체육센터 앞,서울특별시 마포구 망원동 452-4,37.55661,126.898018,136.14,228.67,414.29,872.67,855.5
50,마포구,153,성산2교 사거리,서울특별시 마포구 성산동 54-17,37.564696999999995,126.912613,75.0,236.33,268.86,346.67,252.0
51,마포구,154,마포구청역 ,서울특별시 마포구 망원동 477-23,37.560909,126.905495,81.14,167.33,227.71,392.67,308.5
52,마포구,155,가좌역1 번출구 뒤,서울특별시 마포구 성산동123-29,37.56855,126.91451299999999,37.86,378.67,136.0,194.33,162.25
53,마포구,156,서울서부지방법원 앞,서울특별시 마포구 공덕동 105-11,37.549904,126.955147,34.71,196.67,158.71,306.0,161.5
54,마포구,157,애오개역 4번출구 앞,서울특별시 마포구 아현동 607-1,37.553001,126.95668799999999,47.71,210.33,174.43,268.33,205.75
55,서대문구,158,독립문 어린이 공원,서울특별시 서대문구 영천동 259-1,37.571259000000005,126.96048,35.86,325.67,120.43,176.0,121.25
56,서대문구,159,이대역 4번 출구,서울특별시 서대문구 대현동 60-11,37.556953,126.94634199999999,40.14,148.0,169.57,261.0,183.5
57,서대문구,160,북아현동 가구거리,서울특별시 서대문구 북아현동 251-78,37.557549,126.95938100000001,52.43,178.0,113.14,203.0,125.75
58,서대문구,161,무악재역1번 출구,서울특별시 서대문구 통일로 380-4,37.582245,126.950645,23.71,98.33,51.0,80.67,62.25
59,서대문구,162,봉원고가차도 밑,서울특별시 서대문구 대신동 143-1,37.565269,126.946243,48.43,247.0,235.71,284.0,201.0
60,서대문구,163,명지전문대학교 정문 앞,서울특별시 서대문구 홍은동 산25-3,37.583698,126.92496499999999,60.0,75.33,114.0,164.33,200.25
61,서대문구,164,북가좌1동 주민센터 ,서울특별시 서대문구 북가좌동 477-1,37.574478000000006,126.910049,35.43,166.67,64.14,151.0,51.75
62,서대문구,165,중앙근린공원,서울특별시 서대문구 북가좌동 470-1,37.575138,126.91394,45.86,343.67,148.43,181.67,123.0
63,서대문구,166,가재울 초등학교,서울특별시 서대문구 연희동 530,37.573277000000004,126.919678,69.57,417.0,180.86,235.0,142.75
64,서대문구,167,연가초등학교 옆,서울특별시 서대문구 북가좌동 70-119,37.57946,126.91713,20.29,137.0,78.29,72.0,39.25
65,서대문구,168,남가좌동 사거리,서울특별시 서대문구 남가좌동 185-21,37.574821,126.918053,18.71,92.67,62.0,77.33,67.75
66,서대문구,169,북가좌 삼거리,서울특별시 서대문구 북가좌동 400,37.573002,126.907799,31.43,103.67,62.71,77.0,72.5
67,서대문구,170,가재울 뉴타운 주유소 옆,서울특별시 서대문구 남가좌동 124,37.573112,126.92244699999999,40.71,261.0,136.86,194.33,176.0
68,서대문구,172,서대문소방서,서울특별시 서대문구 연희로 182,37.573254,126.935722,41.86,196.67,115.43,183.33,138.75
69,서대문구,173,서대문역 8번출구 앞,서울특별시 서대문구 충정로2가 138,37.564777,126.966148,35.43,168.0,143.14,316.67,170.25
70,서대문구,175,홍연2교옆,서울특별시 서대문구 홍은동 387-16,37.578072,126.93081699999999,47.71,385.33,278.57,425.33,253.5
71,서대문구,176,명지대학교 도서관,서울특별시 서대문구 거북골로 34,37.581097,126.924026,1.29,2.0,2.14,7.67,11.5
72,서대문구,177,북가좌 초등학교,서울특별시 서대문구 거북골로19길 20,37.577675,126.909805,13.86,63.67,38.71,73.33,35.0
73,서대문구,178,증산3교 앞,서울특별시 서대문구 북가좌동 352-9,37.579876,126.906349,21.0,129.33,72.29,102.0,82.25
74,서대문구,179,가좌역 4번출구 앞,서울특별시 서대문구 남가좌동 293-3 ,37.569122,126.914795,50.14,281.0,151.57,313.67,241.25
75,서대문구,180,충정로역 7번출구 뒤,서울특별시 서대문구 충정로3가 56-1,37.559967,126.96246299999999,35.86,218.67,118.57,273.0,127.75
76,마포구,181,망원초록길 입구,서울특별시 마포구 마포나루길 467,37.551342,126.902672,3.29,26.0,72.0,128.33,48.0
77,마포구,182,망원2빗물펌프장 앞,서울특별시?마포구?동교로?7,37.551567,126.902847,42.86,193.33,198.71,395.0,305.25
78,마포구,183,하늘채코오롱아파트 건너편,서울특별시 마포구 연남로 30,37.565166,126.919395,112.29,628.0,308.43,496.33,298.5
79,마포구,184,SK망원동주유소 건너편,서울특별시 마포구 월드컵로 119?,37.558949,126.907753,63.57,197.67,185.0,285.33,227.0
80,마포구,185,마포 신수공원 앞,서울특별시 마포구 현석동 106-32,37.542545000000004,126.934296,52.29,390.33,185.43,285.33,176.25
81,마포구,186,월드컵공원,서울특별시 마포구 하늘공원로 108-1,37.563965,126.89820900000001,17.14,73.67,596.43,678.33,203.75
82,서대문구,188,홍은동 정원여중 입구,서울특별시 서대문구 연희로37안길 51,37.586388,126.93512700000001,28.86,130.33,112.14,173.33,97.75
83,서대문구,191,정명학원,서울특별시 서대문구 응암로 66,37.578891999999996,126.91073600000001,37.43,75.67,72.86,106.67,84.0
84,서대문구,192,연서어린이공원,서울특별시 서대문구 연희동 519-7,37.572227000000005,126.923065,13.14,169.0,75.29,92.33,66.5
85,서대문구,194,증산교 앞,서울특별시 서대문구 불광천길 36,37.577315999999996,126.902969,90.0,186.33,183.43,357.67,279.5
86,서대문구,195,모래내고가차도 ,서울특별시 서대문구 연희동 446-76,37.567657000000004,126.917809,44.86,221.0,116.29,155.0,127.0
87,서대문구,196,연희교차로 인근,서울특별시 서대문구 홍제천로 48,37.56612,126.925896,40.71,74.33,85.71,169.0,106.25
88,서대문구,198,충정2교,서울특별시 서대문구 충정로3가 155-4,37.562138,126.963776,42.14,121.0,108.0,200.0,98.0
89,마포구,199,서울 월드컵 경기장,서울특별시 마포구 성산동 515,37.566845,126.896446,26.71,77.67,276.43,359.67,172.5
90,영등포구,200,국회의원회관,서울특별시 영등포구 의사당대로 1,37.528728,126.914925,2.57,68.33,110.86,284.0,56.5
91,영등포구,201,진미파라곤 앞,서울특별시 영등포구 국회대로76길 10,37.531239,126.921333,26.57,78.33,220.57,523.67,214.0
92,영등포구,202,국민일보 앞,서울특별시 영등포구 여의공원로 101,37.528816,126.92453,24.14,81.0,352.86,857.67,302.25
93,영등포구,203,국회의사당역 3번출구 옆,서울특별시 영등포구 국회대로 지하758,37.528057000000004,126.918701,17.29,144.0,227.86,504.67,178.25
94,영등포구,204,국회의사당역 5번출구 옆,서울특별시 영등포구 의사당대로 8,37.528164000000004,126.917023,16.29,59.0,139.43,463.0,132.0
95,영등포구,205,산업은행 앞,서울특별시 영등포구 의사당대로 97,37.526264000000005,126.92050900000001,15.86,39.67,308.71,619.0,211.25
96,영등포구,206,KBS 앞,서울특별시 영등포구 여의공원로 13,37.524665999999996,126.918022,46.71,139.33,253.71,578.67,194.0
97,영등포구,207,여의나루역 1번출구 앞,서울특별시 영등포구 여의동로 지하343,37.526989,126.932098,166.71,768.67,1247.43,2315.33,1151.5
98,영등포구,209,유진투자증권빌딩 앞,서울특별시 영등포구 국제금융로 24,37.524612,126.927834,35.0,62.33,268.0,556.33,203.75
99,영등포구,210,IFC몰,서울특별시 영등포구 국제금융로 10,37.526066,126.925537,54.43,99.33,349.57,767.33,276.5
100,영등포구,211,여의도역 4번출구 옆,서울특별시 영등포구 국회대로68길 7,37.522228000000005,126.924637,56.14,515.33,397.86,724.33,379.0
101,영등포구,212,여의도역 1번출구 옆,서울특별시 영등포구 의사당대로 88,37.521361999999996,126.92346200000001,55.71,346.0,318.0,572.33,294.25
102,영등포구,213,KT앞,서울특별시 영등포구 여의대로 38,37.521908,126.918953,32.43,259.0,344.0,556.33,182.25
103,영등포구,214,금융감독원 앞,서울특별시 영등포구 여의대로 38,37.523022,126.920837,13.57,53.33,201.71,468.0,132.0
104,영등포구,215,여의도고교 앞,서울특별시 영등포구 국제금융로7길 37,37.524837,126.93490600000001,16.86,114.0,209.14,321.0,133.25
105,영등포구,216,삼부아파트1동 앞,서울특별시 영등포구 국제금융로7길 27,37.523491,126.932899,78.0,356.0,204.0,310.67,171.25
106,영등포구,217,NH농협은행 앞,서울특별시 영등포구 국제금융로8길 2,37.522079,126.93036699999999,7.71,176.0,183.86,421.67,120.0
107,영등포구,218,증권거래소 앞,서울특별시 영등포구 여의나루로 76,37.523277,126.92923700000001,10.57,83.33,121.71,379.33,89.75
108,영등포구,219,롯데캐슬엠파이어 옆,서울특별시 영등포구 의사당대로 127,37.520695,126.925835,25.43,135.33,157.57,249.67,132.75
109,영등포구,220,미성아파트 A동 앞,서울특별시 영등포구 의사당대로 110,37.519363,126.926048,14.0,30.0,97.86,182.0,119.25
110,영등포구,221,여의도초교 앞,서울특별시 영등포구 여의대방로 439,37.522675,126.93778999999999,78.0,454.0,214.71,379.33,197.0
111,영등포구,222,시범아파트버스정류장 옆,서울특별시 영등포구 63로 45,37.520271,126.93888100000001,31.43,344.0,343.57,724.0,264.5
112,영등포구,223,진주아파트상가 앞,서울특별시 영등포구 국제금융로 108-6,37.519314,126.933167,62.57,356.0,173.57,294.67,174.25
113,영등포구,224,롯데캐슬 앞,서울특별시 영등포구 국제금융로 86,37.520088,126.93236499999999,53.0,377.33,229.57,359.67,298.25
114,영등포구,225,앙카라공원 앞,서울특별시 영등포구 의사당대로 지하166,37.517368,126.929253,29.86,310.67,153.29,307.0,198.5
115,영등포구,226,샛강역 1번출구 앞,서울특별시 영등포구 의사당대로 지하166,37.517765000000004,126.92841299999999,39.14,146.67,200.43,363.33,217.0
116,영등포구,227,양평2나들목 보행통로 입구,서울특별시 영등포구 양화동 17-4,37.544666,126.88835900000001,33.71,112.33,97.43,188.33,121.0
117,영등포구,228,선유도역 3번출구 앞,서울특별시 영등포구 양평동4가 202-1,37.53846,126.894508,75.71,195.67,226.43,425.67,323.0
118,영등포구,229,양평1 보행육교 앞,서울특별시 영등포구 양평동4가 20-4,37.535872999999995,126.89218100000001,15.57,66.33,154.29,392.33,142.25
119,영등포구,230,영등포구청역 1번출구,서울특별시 영등포구 당산로 111-2,37.524634999999996,126.896217,81.14,429.67,234.57,463.33,359.25
120,영등포구,231,남부고용노동지청 남측,서울특별시 영등포구 양평동1가 115-2,37.524506,126.891823,5.29,89.67,61.43,145.0,48.25
121,영등포구,232,양평우림 이비즈센타 앞,서울특별시 영등포구 양평동3가 14-1,37.52565,126.887817,112.86,303.33,222.0,365.33,171.0
122,영등포구,233,YP 센터 앞,서울특별시 영등포구 양평동3가 60-1,37.528488,126.89164699999999,4.0,29.0,24.57,40.33,34.0
123,영등포구,234,영등포구민체육센터 앞,서울특별시 영등포구 신길동 399 ,37.500462,126.905846,13.29,25.0,39.57,53.67,88.0
124,영등포구,235,신길동 우리은행 옆,서울특별시 영등포구 신길동 250-4 ,37.504566,126.910233,13.86,76.67,43.43,56.0,84.25
125,영등포구,236,문래동자이아파트 앞,서울특별시 영등포구 문래동3가 68-1,37.516155,126.89461499999999,28.29,59.33,86.0,186.33,103.25
126,영등포구,237,보라매 두산위브 건너편,서울특별시 영등포구 신길동 4490 ,37.496513,126.914803,21.86,112.67,95.14,157.0,157.25
127,영등포구,238,제2구민체육센타 앞,서울특별시 영등포구 당산동4가 96-2,37.526385999999995,126.90275600000001,22.86,360.67,185.71,278.0,233.5
128,영등포구,239,유스호스텔 앞,서울특별시 영등포구 영등포동7가 58-2,37.525852,126.903282,35.86,206.33,139.57,274.67,145.25
129,영등포구,240,문래역 4번출구 앞,서울특별시 영등포구 문래동3가 55-12 ,37.518738,126.895576,18.86,129.67,108.43,226.67,225.75
130,영등포구,241,신길우성1차아파트 앞 공원,서울특별시 영등포구 도림동 255-2 ,37.505328999999996,126.89848300000001,24.43,70.0,80.71,97.67,70.5
131,영등포구,242,신길선원가와인아파트 앞,서울특별시 영등포구 신길동 215-28 ,37.510933,126.910225,40.86,242.0,60.0,113.33,68.0
132,영등포구,243,이앤씨드림타워 앞,서울특별시 영등포구 양평동3가 48-1,37.527084,126.89138,13.86,92.67,112.71,207.67,144.5
133,영등포구,244,영등포삼환아파트 앞,서울특별시 영등포구 영등포동8가 82-4 ,37.530079,126.905708,58.57,395.67,225.43,300.33,281.25
134,영등포구,245,삼성생명 당산사옥 앞,서울특별시 영등포구 당산동4가 35-24 ,37.528263,126.896629,47.43,195.67,157.43,277.67,185.0
135,영등포구,247,당산역 10번출구 앞,서울특별시 영등포구 당산동5가 14-4,37.533688,126.902107,111.14,253.67,369.57,693.67,645.75
136,영등포구,248,초원아파트 앞,서울특별시 영등포구 여의도동8-13,37.531055,126.92421000000002,38.57,84.67,211.86,535.33,315.75
137,영등포구,249,여의도중학교 옆,서울특별시 영등포구 여의도동 8,37.52412,126.93654599999999,27.86,23.33,199.14,319.0,160.25
138,영등포구,250,대림아파트 사거리,서울특별시 영등포구 신길동 249,37.507641,126.92308,23.43,96.33,49.0,93.0,64.75
139,영등포구,251,서울지방병무청 버스정류장,서울특별시 영등포구 신길동853,37.504494,126.921951,15.14,79.67,76.14,92.0,59.0
140,영등포구,252,보라매역4번출구,서울특별시 영등포구 신길동4884,37.499977,126.92003600000001,52.0,108.67,135.29,209.33,168.75
141,영등포구,253,신풍역 5번출구 인근,서울특별시 영등포구 신길동3596,37.500648,126.90951499999998,75.57,126.33,79.43,113.33,111.5
142,영등포구,254,도림신협 앞,서울특별시 영등포구 신길동263-76,37.503803000000005,126.903419,6.86,45.0,36.0,42.67,28.0
143,영등포구,255,도림4거리,서울특별시 영등포구 신길동373-1,37.506572999999996,126.901131,19.0,98.0,41.86,70.67,44.75
144,영등포구,256,동아에코빌입구,서울특별시 영등포구 도림동 159-70,37.509476,126.8993,27.86,37.0,74.57,127.67,63.75
145,영등포구,257,신길삼거리(우리은행),서울특별시 영등포구 신길동95-256,37.513844,126.919357,45.29,230.67,137.43,235.33,161.5
146,영등포구,258,신길역3번출구,서울특별시 영등포구 영등포동1가35,37.517693,126.914299,51.0,290.0,140.71,244.67,174.0
147,영등포구,259,대방역6번출구,서울특별시 영등포구 신길동1368,37.513591999999996,126.92593400000001,101.14,736.0,253.86,423.33,303.25
148,영등포구,262,영문초등학교 사거리,서울특별시 영등포구 문래로 56,37.519928,126.889183,41.29,135.67,137.14,266.67,202.75
149,영등포구,263,근로자회관 사거리,서울특별시 영등포구 선유로 34,37.517151,126.888626,26.57,115.67,117.71,214.67,125.0
150,영등포구,264,교보생명보험 앞,서울특별시 영등포구 영등포로 96,37.521931,126.891617,25.57,121.33,61.43,175.67,105.0
151,영등포구,265,영등포유통상가 사거리,서울특별시 영등포구 영등포로 124,37.521133,126.89653799999999,39.57,89.0,51.57,109.67,76.5
152,영등포구,266,영등포청과시장 사거리,서울특별시 영등포구 영등포로 177,37.520447,126.90109299999999,58.0,113.67,178.14,433.67,296.5
153,영등포구,267,삼성화재 사옥 옆,서울특별시 영등포구 양평로 76,37.535961,126.8983,38.71,123.33,108.71,247.67,155.0
154,영등포구,268,그랜드컨벤션센터 앞,서울특별시 영등포구 양평로 58,37.534718,126.900002,62.0,72.67,111.43,266.0,188.0
155,영등포구,270,증권거래소후문교차로,서울특별시 영등포구 여의나루로 76,37.522343,126.92710100000001,13.0,41.67,81.57,144.0,74.25
156,영등포구,271,샛강생태공원방문자센터 앞,서울특별시 영등포구 여의동로 48,37.518963,126.92161599999999,16.71,188.33,80.43,181.67,56.25
157,영등포구,272,당산육갑문,서울특별시 영등포구 당산로52길 3,37.535339,126.903679,44.71,219.67,329.14,635.67,316.25
158,중구,300,정동사거리,서울특별시 중구 정동길 2-1,37.56805,126.96923100000001,49.0,382.33,224.43,430.0,217.25
159,종로구,301,경복궁역 7번출구 앞,서울특별시 종로구 사직로 지하130,37.575794,126.971451,29.14,365.33,162.14,262.0,181.5
160,종로구,302,경복궁역 4번출구 뒤,서울특별시 종로구 사직로 지하130,37.575947,126.97406000000001,54.0,511.0,248.29,427.33,301.75
161,종로구,303,광화문역 1번출구 앞,서울특별시 종로구 세종대로 지하189,37.571732,126.97492199999999,31.0,375.33,241.0,435.67,274.5
162,종로구,304,광화문역 2번출구 앞,서울특별시 종로구 세종대로 지하172,37.572487,126.977501,15.0,210.67,191.29,384.67,155.5
163,종로구,305,종로구청 옆,서울특별시 종로구 삼봉로 43,37.572582000000004,126.97835500000001,15.14,137.0,242.86,463.0,166.5
164,종로구,306,광화문역 7번출구 앞,서울특별시 종로구 세종대로 지하172,37.570808,126.97643300000001,33.0,126.0,129.29,272.0,162.5
165,종로구,307,서울역사박물관 앞,서울특별시 종로구 새문안로 55,37.57,126.9711,24.43,199.0,200.86,368.0,188.75
166,종로구,308,광화문 S타워 앞,서울특별시 종로구 새문안로 82,37.569969,126.97393799999999,11.29,109.33,117.14,302.0,105.75
167,종로구,309,광화문역 6번출구 옆,서울특별시 종로구 세종대로 지하172,37.569889,126.976456,33.71,276.67,144.14,326.33,184.5
168,중구,310,청계광장 옆,서울특별시 중구 세종대로 136,37.568878000000005,126.97747,20.14,213.67,142.43,298.33,132.0
169,중구,311,서울광장 옆,서울특별시 중구 세종대로 지하 101,37.566612,126.97747,37.0,439.67,355.71,624.67,269.25
170,중구,312,시청역 1번출구 뒤,서울특별시 중구 세종대로 지하101,37.564674,126.97673799999998,22.43,419.0,236.57,477.67,220.5
171,중구,313,서울역 광장 파출소 옆,서울특별시 중구 통일로 13,37.556961,126.97177099999999,25.86,232.33,73.71,214.33,131.25
172,종로구,314,국립현대미술관,서울특별시 종로구 삼청로 30,37.579708000000004,126.98085800000001,36.14,119.0,304.0,519.0,237.5
173,종로구,316,종각역 1번출구 앞,서울특별시 종로구 종로 47,37.570396,126.98178899999999,40.29,256.0,337.14,527.33,322.75
174,중구,318,광교사거리 남측,서울특별시 중구 청계천로 30,37.568527,126.982552,18.0,53.0,135.14,294.33,143.0
175,중구,320,을지로입구역 4번출구 앞,서울특별시 중구 을지로 55,37.566223,126.983589,21.71,116.67,229.86,403.0,184.25
176,중구,321,KEB 하나은행 본점 앞,서울특별시 중구 을지로 66,37.565464,126.98413799999999,48.14,59.0,210.71,333.67,225.5
177,중구,322,명동성당 앞,서울특별시 중구 명동길 74,37.564476,126.98696899999999,39.0,103.0,123.57,247.0,182.5
178,중구,324,신세계백화점 본점 앞,서울특별시 중구 퇴계로 77,37.56134,126.9804,59.43,57.67,200.86,332.0,224.0
179,종로구,326,안국역 5번출구 앞,서울특별시 종로구 율곡로 지하62,37.576240999999996,126.98616000000001,50.86,381.67,235.43,544.0,193.5
180,종로구,327,낙원상가 옆,서울특별시 종로구 삼일대로 428,37.573357,126.98746499999999,60.14,245.0,199.14,307.67,214.25
181,종로구,328,탑골공원 앞,서울특별시 종로구 종로 99,37.570396,126.98818999999999,75.29,319.67,279.29,442.67,341.75
182,종로구,329,청계2가 사거리 옆,서울특별시 종로구 청계천로 93,37.568344,126.98789199999999,43.86,214.33,235.14,490.33,262.25
183,중구,330,청계천 한빛광장,서울특별시 중구 남대문로10길 33,37.568165,126.984978,11.0,47.0,176.43,368.67,137.0
184,중구,331,을지로2가 사거리 북측,서울특별시 중구 을지로 79,37.566383,126.987206,20.43,147.67,124.0,260.0,151.0
185,중구,332,을지로2가 사거리 남측,서울특별시 중구 을지로 100,37.56599,126.987793,29.71,175.33,118.71,239.67,116.25
186,종로구,334,종로3가역 2번출구 뒤,서울특별시 종로구 종로 지하129,37.570599,126.99179099999999,64.0,326.0,240.86,416.0,407.75
187,종로구,335,종로3가역 15번출구 앞,서울특별시 종로구 종로 지하129,37.570198,126.991257,37.43,175.33,191.57,304.33,239.75
188,중구,336,티마크 호텔 앞,서울특별시 중구 충무로 15,37.562618,126.99283600000001,48.71,180.33,229.29,458.67,200.5
189,종로구,337,창경궁 입구,서울특별시 종로구 창경궁로 185,37.578979,126.996475,11.57,155.0,106.57,170.67,93.5
190,종로구,338,세운스퀘어 앞,서울특별시 종로구 창경궁로 109,37.570957,126.997124,31.14,172.0,310.0,533.0,312.25
191,종로구,339,종로4가 사거리,서울특별시 종로구 종로 185,37.571068,126.99819199999999,47.71,257.67,320.86,529.0,398.5
192,종로구,340,혜화동 로터리,서울특별시 종로구 창경궁로 271-1,37.585629,127.000679,88.0,439.67,234.29,307.0,283.75
193,종로구,341,혜화역 3번출구 뒤,서울특별시 종로구 대학로 지하120,37.58157,127.00178500000001,109.0,286.67,177.71,300.67,283.0
194,종로구,342,대학로 마로니에공원,서울특별시 종로구 대학로 104,37.579784000000004,127.00253300000001,94.29,423.0,235.0,462.0,379.75
195,종로구,343,예일빌딩(율곡로) 앞,서울특별시 종로구 율곡로 238,37.575432,127.00498200000001,17.0,172.0,126.43,191.67,68.5
196,종로구,344,성균관대 E하우스 앞,서울특별시 종로구 율곡로 259,37.574036,127.006721,46.86,242.33,267.86,369.33,167.75
197,종로구,345,서울보증보험본사 앞,서울특별시 종로구 김상옥로 29,37.573307,127.00071000000001,23.43,119.33,139.57,396.33,179.75
198,중구,346,맥스타일 앞,서울특별시 중구 마장로 3,37.569183,127.00988000000001,139.43,153.0,249.43,483.0,350.75
199,중구,347,동대문역사문화공원역 9번출구 앞,서울특별시 중구 장충단로 지하230,37.565331,127.007843,158.57,116.67,156.0,388.0,288.25
200,종로구,348,독립문역 사거리,서울특별시 종로구 교북동 10-1,37.572029,126.96078500000002,15.43,231.0,71.43,75.0,35.5
201,종로구,349,사직동주민센터,서울특별시 종로구 사직로9길 5,37.576332,126.96858999999999,39.14,249.0,189.57,203.33,149.25
202,종로구,351,청운초교 앞 삼거리,서울특별시 종로구 청운동 108-22,37.585079,126.970619,39.86,396.67,188.0,297.67,107.75
203,종로구,352,중앙고입구 삼거리,서울특별시 종로구 창덕궁길 191,37.583416,126.98523700000001,38.0,178.33,78.0,157.33,46.25
204,종로구,353,재동초교 앞 삼거리,서울특별시 종로구 재동 19,37.579388,126.98494699999999,22.14,133.33,131.29,243.0,161.5
205,종로구,354,포르투갈 대사관 앞,서울특별시 종로구 창덕궁1길 3,37.579155,126.98896,23.86,359.0,201.0,320.33,161.25
206,종로구,355,서울사대부속초교 앞,서울특별시 종로구 연건동 178-3,37.576508000000004,127.002457,39.14,193.0,198.0,313.33,183.0
207,종로구,356,KT혜화지사 앞,서울특별시 종로구 대학로 65,37.577145,127.00206000000001,32.0,228.67,204.43,395.33,204.75
208,종로구,358,성대입구 사거리,서울특별시 종로구 창경궁로 234,37.5825,126.998535,163.43,515.67,382.14,588.33,544.0
209,종로구,359,원남동사거리,서울특별시 종로구 율곡로 169,37.576060999999996,126.997681,34.57,201.33,238.71,359.0,230.5
210,종로구,361,동묘앞역 1번출구 뒤,서울특별시 종로구 숭인동 81-39,37.573242,127.01590700000001,66.29,161.0,213.57,354.0,237.0
211,종로구,362,청계8가 사거리,서울특별시 종로구 청계천로 407,37.572224,127.022705,51.57,229.67,117.14,210.67,205.25
212,종로구,363,신설동역 11번출구 뒤,서울특별시 종로구 숭인동 1311,37.575759999999995,127.02283500000001,44.29,152.0,90.86,167.33,150.75
213,종로구,364,창신역 1번출구 앞,서울특별시 종로구 지봉로 87,37.579334,127.015083,47.71,272.67,99.86,95.67,78.0
214,종로구,367,독립문역 3-1번출구 ,서울특별시 종로구 무악동 41-7,37.573848999999996,126.958694,46.43,263.0,95.86,120.0,77.5
215,종로구,368,SK 서린빌딩 앞,서울특별시 종로구 서린동 93-2,37.569247999999995,126.98053700000001,14.0,37.33,143.29,342.0,199.5
216,종로구,369,광화문 시민열린마당,서울특별시 종로구 세종로 76-5,37.575493,126.9785,14.71,146.33,249.14,328.0,135.5
217,중구,370,시청역(2호선) 9번출구 뒤,서울특별시 중구 서소문로 지하127,37.563229,126.97483799999999,16.57,70.0,198.0,270.67,101.25
218,중구,371,동대입구역 6번출구 뒤,서울특별시 중구 동호로 지하256,37.558871999999994,127.00553899999998,30.29,54.0,138.43,237.33,194.25
219,중구,372,약수역 3번출구 뒤,서울특별시 중구 다산로 지하122,37.554295,127.0112,50.29,87.33,69.71,81.0,78.75
220,중구,373,청구 어린이공원,서울특별시 중구 다산로14길 41,37.555859000000005,127.013855,3.71,13.67,20.43,30.33,23.25
221,중구,374,청구역 2번출구 앞,서울특별시 중구 청구로 지하77,37.560474,127.014076,46.29,100.33,85.43,98.0,85.25
222,중구,375,다산 어린이공원,서울특별시 중구 다산로40길 37,37.563717,127.018425,21.43,141.0,119.57,149.33,82.25
223,중구,377,서울역 4번출구 앞,서울특별시 중구 세종대로 지하2,37.557217,126.97300700000001,20.57,44.67,70.57,150.67,73.25
224,중구,378,청계7가 사거리,서울특별시 중구 다산로 지하260,37.569805,127.016953,104.86,187.67,192.14,179.33,136.25
225,중구,379,서울역9번출구,서울특별시 중구 세종대로 지하2,37.556,126.973358,30.29,46.0,82.86,191.33,90.0
226,중구,380,CJ제일제당 앞,서울특별시 중구 동호로 330,37.563866,127.002747,25.71,68.0,119.57,325.0,126.0
227,중구,381,장충체육관,서울특별시 중구 장충동2가 200-99,37.558533000000004,127.00698899999999,11.14,17.33,39.0,70.67,56.5
228,중구,382,약수역 10번출구 앞,서울특별시 중구 신당동 357-1,37.555199,127.010048,28.57,66.0,57.14,82.0,83.75
229,중구,383,신당역 12번 출구 뒤,서울특별시 중구 신당동 99,37.565849,127.016403,108.43,241.67,167.86,342.0,279.0
230,중구,384,종로학원본원 ,서울특별시 중구 청파로 456,37.559779999999996,126.968506,25.43,123.0,67.14,136.0,75.25
231,종로구,385,종각역 5번출구,서울특별시 종로구 서린동 26-1,37.569835999999995,126.982658,27.14,91.0,252.0,489.0,334.5
232,종로구,386,올림픽기념 국민생활관 앞,서울특별시 종로구 성균관로 91,37.590233000000005,126.99852,41.71,396.33,131.0,140.33,135.25
233,중구,387,훈련원공원주차장 앞,서울특별시 중구 을지로 227,37.566994,127.003464,21.86,66.33,96.29,249.0,77.5
234,종로구,388,동성중학교 앞,서울특별시 종로구 혜화동 56,37.585735,127.00161000000001,43.0,259.33,140.29,215.33,193.25
235,마포구,400,상암한화오벨리스크 1차 앞,서울특별시 마포구 구룡길 19,37.587524,126.883003,13.14,312.67,133.14,123.33,90.0
236,마포구,401,상암월드컵파크 10단지 앞,서울특별시 마포구 월드컵북로 502-36,37.586189000000005,126.881615,12.57,211.33,130.29,112.33,63.0
237,마포구,402,상암월드컵파크 9단지 앞,서울특별시 마포구 월드컵북로 501,37.582855,126.87982199999999,18.43,329.0,162.29,184.33,103.75
238,마포구,403,부엉이공원 앞,서울특별시 마포구 가양대로 189,37.58559,126.884727,33.29,185.0,107.43,196.67,101.25
239,마포구,405,DMC빌 앞,서울특별시 마포구 월드컵북로60길 13,37.582657,126.88578799999999,3.71,34.67,116.57,283.33,73.25
240,마포구,406,상암월드컵파크 7단지 앞,서울특별시 마포구 상암산로1길 92,37.581314,126.88058500000001,15.86,153.33,90.86,112.67,94.25
241,마포구,407,마포구 육아종합지원센터,서울특별시 마포구 상암산로1길 71,37.580631,126.883675,22.86,80.0,135.0,195.0,89.25
242,마포구,408,LG CNS앞,서울특별시 마포구 월드컵북로 424,37.580811,126.88665,14.86,40.67,168.14,537.33,167.75
243,마포구,409,누리꿈스퀘어 옆,서울특별시 마포구 월드컵북로 396,37.579399,126.88916,27.86,133.33,411.71,891.67,284.25
244,마포구,410,상암중학교 옆,서울특별시 마포구 상암산로1길 26,37.577496000000004,126.887772,13.0,58.0,76.0,117.0,59.0
245,마포구,411,DMC홍보관,서울특별시 마포구 월드컵북로 366,37.577995,126.891472,27.0,68.67,200.0,394.0,160.0
246,마포구,412,DMC산학협력연구센터 앞,서울특별시 마포구 매봉산로 37,37.575802,126.890739,37.0,189.67,250.86,688.67,184.5
247,마포구,413,상암월드컵파크 3단지 후문,서울특별시 마포구 매봉산로 8,37.571476000000004,126.88968700000001,33.57,210.67,122.43,240.67,82.0
248,마포구,414,상암동주민센터 옆,서울특별시 마포구 매봉산로2길 16,37.57822,126.89447,25.57,133.67,123.14,201.67,207.0
249,마포구,415,DMC역 9번출구 앞,서울특별시 마포구 성암로 지하184,37.577469,126.89736200000002,34.86,829.33,239.57,474.67,301.0
250,마포구,416,상암월드컵파크 1단지 교차로,서울특별시 마포구 월드컵북로 502-7,37.575665,126.894447,33.0,285.33,131.86,230.0,173.75
251,마포구,417,DMC역 2번출구 옆,서울특별시 은평구 수색로 지하175,37.575069,126.899918,46.0,547.0,173.0,459.67,225.25
252,마포구,418,월드컵경기장역 3번출구 옆,서울특별시 마포구 월드컵로 지하240,37.570721,126.898979,84.0,136.0,334.0,585.67,535.75
253,마포구,419,홈플러스 앞,서울특별시 마포구 월드컵로 240,37.56842,126.899429,71.71,236.67,435.86,837.33,676.0
254,마포구,420,서울시 공공자전거 상암센터,서울특별시 마포구 월드컵북로47길 10,37.566246,126.896179,8.0,38.33,225.71,338.67,89.25
255,마포구,421,마포구청 앞,서울특별시 마포구 월드컵로 212,37.565903000000006,126.90118400000001,64.71,392.33,389.0,579.33,401.0
256,광진구,500,어린이대공원역 3번출구 앞,서울특별시 광진구 능동로 지하210,37.54707,127.074272,80.29,217.0,289.0,508.67,467.0
257,광진구,501,광진구의회 앞,서울특별시 광진구 능동로 76,37.537308,127.070351,103.43,144.67,343.0,597.67,630.75
258,광진구,502,뚝섬유원지역 1번출구 앞,서울특별시 광진구 능동로 10,37.531859999999995,127.06719199999999,165.86,238.0,782.86,1611.67,1217.5
259,광진구,503,더샵스타시티 C동 앞,서울특별시 광진구 아차산로 262,37.536667,127.07359299999999,65.71,102.0,204.14,308.67,315.5
260,광진구,504,신자초교입구교차로,서울특별시 광진구 뚝섬로 596,37.53297,127.07593500000002,42.14,232.0,140.29,220.33,174.25
261,광진구,505,자양사거리 광진아크로텔 앞,서울특별시 광진구 아차산로 355,37.537009999999995,127.082245,94.14,216.67,201.43,362.0,376.5
262,성동구,506,금호 어울림 아파트 앞,서울특별시 성동구 광나루로 249,37.549061,127.05779299999999,15.0,73.0,43.57,137.33,70.75
263,성동구,507,성수아이에스비즈타워 앞,서울특별시 성동구 성수이로 147,37.548203,127.05711399999998,20.14,85.0,96.29,175.67,107.25
264,성동구,508,성수아카데미타워 앞,서울특별시 성동구 성수이로 118,37.545165999999995,127.05751000000001,36.29,140.33,90.57,269.67,117.5
265,성동구,509,이마트 버스정류소 옆,서울특별시 성동구 뚝섬로 379,37.539654,127.05258899999998,30.29,237.33,199.86,554.33,327.75
266,성동구,510,서울숲 남문 버스정류소 옆,서울특별시 성동구 왕십리로11길 9,37.541222,127.0438,12.0,53.0,252.14,347.0,98.0
267,성동구,511,서울숲역 4번 출구 옆,서울특별시 성동구 왕십리로 지하77,37.544582,127.04460900000001,25.0,173.0,579.0,815.0,384.5
268,성동구,512,뚝섬역 1번 출구 옆,서울특별시 성동구 아차산로 18,37.548561,127.045006,76.14,121.33,270.43,601.0,322.5
269,성동구,513,뚝섬역 5번 출구 정류소 옆,서울특별시 성동구 아차산로 18,37.546307,127.049805,45.71,95.67,166.0,337.33,160.0
270,성동구,514,성수사거리 버스정류장 앞,서울특별시 성동구 아차산로 171,37.54258,127.063309,69.0,145.33,167.0,456.67,247.25
271,광진구,515,광양중학교 앞,서울특별시 광진구 자양로3길 7,37.530235,127.08683,21.71,142.33,93.14,129.33,99.75
272,광진구,516,광진메디칼 앞,서울특별시 광진구 광나루로 355,37.548404999999995,127.06936599999999,79.14,203.33,134.29,214.0,212.75
273,성동구,518,청계천 박물관 앞,서울특별시 성동구 마장동 610,37.571526,127.03535500000001,7.29,33.67,68.86,242.67,60.75
274,성동구,519,양지사거리,서울특별시 성동구 홍익동 590,37.566994,127.02991499999999,49.57,199.33,100.29,142.33,146.25
275,성동구,520,상왕십리역 4번 출구 앞,서울특별시 성동구 하왕십리동 960-3,37.563858,127.03031899999999,63.29,185.0,106.43,191.33,213.75
276,성동구,521,왕십리역 11번 출구 앞,서울특별시 성동구 행당동 188-9,37.561446999999994,127.03492,97.14,158.0,149.71,285.67,301.0
277,성동구,522,금호역 1번출구 앞,서울특별시 성동구 금호동3가 1575-3,37.548640999999996,127.016426,10.86,40.33,26.57,36.33,36.5
278,성동구,523,옥수동성당 옆,서울특별시 성동구 옥수동 산5-148,37.543663,127.01406100000001,10.14,7.33,15.71,36.33,31.0
279,성동구,524,래미안금호하이리버 아파트 102동 옆,서울특별시 성동구 금호동2가 1220-1,37.5522,127.02505500000001,14.29,57.67,45.14,72.0,29.5
280,성동구,525,한양대병원사거리,서울특별시 성동구 행당동 20-2,37.558052,127.040352,167.43,63.33,314.86,594.67,581.75
281,성동구,526,용답토속공원 앞,서울특별시 성동구 용답동 224-1,37.563511,127.056725,23.29,123.0,76.71,223.0,92.25
282,성동구,529,장한평역 8번 출구 앞,서울특별시 성동구 용답동 224-3,37.561371,127.06366000000001,69.14,211.0,142.71,293.67,169.0
283,성동구,530,청계벽산아파트 앞,서울특별시 성동구 하왕십리동 286-24,37.568748,127.030403,23.0,163.0,88.0,127.0,85.5
284,성동구,533,우리은행 금호동 지점 앞,서울특별시 성동구 금호동4가 1101,37.548149,127.02108799999999,21.29,13.0,24.0,74.67,45.25
285,성동구,534,금호사거리,서울특별시 성동구 금호동2가 1205-1,37.548634,127.025726,20.57,57.33,44.43,85.33,63.25
286,성동구,535,응봉삼거리,서울특별시 성동구 응봉동 134-26,37.553986,127.033592,42.71,139.33,101.71,137.0,142.0
287,성동구,536,행당역 2번출구 앞,서울특별시 성동구 행당동 347-11,37.55735,127.02921299999998,30.14,158.0,105.14,119.0,108.5
288,성동구,537,한양대후문역 부근,서울특별시 성동구 행당동 10,37.560356,127.041397,100.43,104.33,145.86,316.67,294.75
289,성동구,538,답십리역 8번출구 앞,서울특별시 성동구 용답동 102-1,37.56765,127.05115500000001,41.0,104.33,118.86,181.67,140.5
290,광진구,539,군자교교차로,서울특별시 광진구 중곡동 263-1,37.559795,127.074203,28.71,117.33,102.43,185.0,191.5
291,광진구,540,군자역 7번출구 베스트샵 앞,서울특별시 광진구 군자동 499,37.55603,127.078644,135.0,353.0,274.29,552.0,522.25
292,광진구,542,강변역 4번출구 뒤,서울특별시 광진구 구의동 546-6,37.535465,127.09448200000001,34.86,30.67,101.43,185.0,155.5
293,광진구,543,구의공원(테크노마트 앞),서울특별시 광진구 구의동 546-3,37.535969,127.094673,30.43,31.0,94.0,194.33,145.0
294,광진구,544,광남중학교,서울특별시 광진구 광장동 561-15,37.540729999999996,127.102905,8.0,66.0,105.0,127.67,101.0
295,광진구,546,잠실대교북단 교차로,서울특별시 광진구 자양동 722,37.532478000000005,127.08509099999999,30.86,118.0,82.0,143.67,110.25
296,광진구,548,자양나들목,서울특별시 광진구 자양동 738,37.52977,127.07486000000002,33.14,296.33,211.57,252.0,152.5
297,광진구,549,아차산역 3번출구,서울특별시 광진구 구의동 96,37.551224,127.089706,43.29,264.67,108.14,182.33,152.0
298,성동구,550,서울시설공단 앞,서울특별시 성동구 마장동 610 ,37.57164,127.03566000000001,6.43,64.67,107.29,325.67,102.75
299,광진구,551,구의삼성쉐르빌 앞,서울특별시 광진구 구의강변로 106,37.540062,127.094498,64.71,137.33,119.14,171.0,171.25
300,광진구,552,대림아크로리버 앞,서울특별시 광진구 구의강변로 64,37.536578999999996,127.092972,20.86,32.33,35.43,63.33,63.5
301,광진구,553,중곡 성원APT 앞,서울특별시 광진구 동일로 459,37.571255,127.079803,39.57,208.67,52.57,91.33,113.25
302,광진구,555,구의3동주민센터,서울특별시 광진구 강변역로 17,37.537849,127.092171,15.43,35.67,40.86,57.67,43.0
303,성동구,556,달맞이공원,서울특별시 성동구 금호동4가 367-1,37.542053,127.020401,8.0,22.33,48.14,109.0,64.5
304,성동구,557,도선동 주민센터 앞,서울특별시 성동구 무학로10길 6,37.567642,127.025696,41.14,130.0,108.86,141.67,134.75
305,성동구,558,성동광진 교육지원청 앞,서울특별시 성동구 고산자로 260,37.564606,127.03652199999999,49.86,116.0,123.71,244.0,225.25
306,성동구,559,왕십리역 4번 출구 건너편,서울특별시 성동구 왕십리광장로 10-1,37.561096,127.03679699999999,77.86,64.33,167.0,348.0,385.0
307,성동구,560,비전교회 앞,서울특별시 성동구 동일로 213,37.551204999999996,127.068932,33.57,223.33,105.57,147.33,118.5
308,성동구,561,서울숲역 2번출구 앞,서울특별시 성동구 왕십리로 64,37.542815999999995,127.04467,13.86,169.33,251.86,366.33,172.25
309,성동구,562,군자지하보도 앞,서울특별시 성동구 동일로 313,37.559246,127.07341000000001,34.57,229.0,81.0,144.0,112.0
310,성동구,563,성동세무서 건너편,서울특별시 성동구 광나루로 302,37.547913,127.062752,16.71,45.0,134.29,550.0,132.75
311,성동구,564,금호역 3번출구,서울특별시 성동구 동호로 99,37.547928000000006,127.01557199999999,6.71,11.33,13.71,15.0,15.0
312,성동구,565,옥수역 3번출구,서울특별시 성동구 한림말길 56,37.541363,127.01766200000002,62.43,155.33,256.14,641.0,478.5
313,성동구,567,성수역 2번출구 앞,서울특별시 성동구 아차산로 113,37.54459,127.057083,50.86,417.67,207.29,524.67,295.5
314,성동구,568,청계8가사거리 부근,서울특별시 동대문구 청계천로 417,37.571102,127.02356,89.86,215.33,200.43,372.67,359.0
315,성동구,569,응봉현대아파트 정류소,서울특별시 성동구 독서당로 381,37.549583,127.030243,14.14,125.33,53.0,62.0,51.0
316,광진구,571,어린이대공원역6번출구,서울특별시 광진구 군자로 74,37.548496,127.07476000000001,58.86,134.33,240.43,390.33,290.75
317,광진구,572,국립정신 건강센터 앞,서울특별시 광진구 능동로 398,37.565536,127.0867,18.29,59.67,103.14,124.0,91.5
318,광진구,573,구의문주차장 앞,서울특별시 광진구 능동로 216,37.545231,127.084732,61.14,356.33,219.43,291.0,242.0
319,광진구,574,아차산역4번출구,서울특별시 광진구 능동로 216,37.551849,127.088982,36.29,149.33,188.29,228.67,196.25
320,광진구,575,중앙농협 중곡지점,서울특별시 광진구 용마산로 120,37.564293,127.086937,9.14,52.33,27.43,37.0,39.5
321,광진구,576,광나루역 3번 출구,서울특별시 광진구 아차산로 552,37.54483,127.10426299999999,16.57,67.33,81.71,131.0,97.75
322,광진구,577,광진청소년수련관,서울특별시 광진구 구천면로 2,37.546547,127.10613300000001,27.57,72.67,134.57,226.67,204.25
323,성동구,578,성동세무서 부근,서울특별시 성동구 광나루로 303-1,37.548286,127.06208799999999,21.14,91.0,111.57,359.67,120.5
324,성동구,579,마장역 4번출구,서울특별시 성동구 마장로 292-1,37.565205,127.041847,49.86,147.67,126.43,247.33,195.5
325,성동구,580,신금호역 3번출구 뒤,서울특별시 성동구 무수막길 97,37.554390000000005,127.020149,11.57,12.33,42.0,63.33,38.75
326,성동구,581,용답초등학교,서울특별시 성동구 용답25길 1,37.561012,127.05423700000001,12.86,160.0,70.14,127.0,74.25
327,성동구,582,경일중학교 앞,서울특별시 성동구 성수일로 27,37.543178999999995,127.04908,13.86,175.33,79.29,137.33,85.25
328,성동구,583,청계천 생태교실 앞,서울특별시 성동구 마장로39길 51,37.56797,127.04688999999999,87.29,163.33,256.14,523.33,482.0
329,광진구,584,광진광장 교통섬,서울특별시 광진구 군자동 374-8,37.547829,127.07263200000001,101.43,188.67,143.29,363.33,393.75
330,성동구,585,성수2가1동 공영주차장 인근,서울특별시 성동구 성수동2가 569-3,37.536808,127.055489,39.71,164.33,92.86,134.67,135.25
331,성동구,586,마장동 주민센터,서울특별시 성동구 마장로42길 14,37.565940999999995,127.045395,16.43,160.0,69.71,122.67,69.5
332,성동구,587,KEB하나은행 성수중앙지점,서울특별시 성동구 성수동2가 276-5,37.545418,127.05264299999999,23.43,40.67,109.0,263.0,121.5
333,광진구,588,뚝섬 유원지역,서울특별시 광진구 능동로 10,37.532688,127.067497,43.57,55.33,144.71,244.33,210.25
334,동대문구,600,휘경2동 주민센터,서울특별시 동대문구 한천로 329,37.589912,127.06868,32.57,80.67,112.29,195.33,122.25
335,동대문구,601,용신동주민센터,서울특별시 동대문구 용두동 65-25,37.575947,127.037361,18.14,129.67,76.71,106.0,59.5
336,동대문구,602,장안동 사거리,서울특별시 동대문구 장한로 25길 2,37.572174,127.07138799999998,65.57,219.33,160.86,191.33,311.0
337,동대문구,604,답십리초등학교 옆 공원,서울특별시 동대문구 전농로3길 23,37.569656,127.05596200000001,11.14,54.67,71.71,65.0,58.5
338,동대문구,605,신설동역8번출구,서울특별시 동대문구 천호대로 26,37.5742,127.02649699999999,23.86,45.33,71.71,136.67,116.75
339,동대문구,606,휘경공고앞,서울특별시 동대문구 겸재로 21,37.584625,127.07028999999999,15.14,43.67,44.71,44.67,30.0
340,동대문구,607,신이문역 2번출구,서울특별시 동대문구 이문동186-1,37.602711,127.06786299999999,23.0,77.0,73.71,117.33,93.25
341,동대문구,608,전농삼성아파트,서울특별시 동대문구 전농로 192,37.581309999999995,127.05534399999999,5.71,81.0,58.86,31.33,41.5
342,동대문구,609,제기2교,서울특별시 동대문구 제기동122-388,37.587790999999996,127.037361,55.14,201.33,195.14,261.33,251.75
343,동대문구,610,동대문중 교차로,서울특별시 동대문구 답십리동 524-1,37.573085999999996,127.05216200000001,17.57,141.67,82.71,108.67,78.5
344,동대문구,612,시립동부병원 앞 사거리,서울특별시 동대문구 용두동 237-10 ,37.573665999999996,127.03081499999999,23.14,143.33,87.71,198.33,87.5
345,동대문구,613,신설동역 10번출구 앞,서울특별시 동대문구 신설동 92-34,37.575272,127.023468,42.86,104.0,135.14,287.0,180.25
346,동대문구,614,용두동 사거리,서울특별시 동대문구 용두동 237-10,37.577686,127.03101299999999,81.29,191.67,200.43,374.67,281.5
347,동대문구,615,용두동 레미안허브리츠아파트 앞,서울특별시 동대문구 용두동 696-13 ,37.576382,127.03511,35.0,130.0,99.29,162.0,154.5
348,동대문구,616,서울시립대 앞,서울특별시 동대문구 전농동 135-5,37.582561,127.054367,38.71,178.0,103.29,123.0,108.75
349,동대문구,617,청솔우성아파트 앞,서울특별시 동대문구 답십리동 94-2 ,37.574203000000004,127.057693,47.29,202.33,83.57,125.33,88.5
350,동대문구,621,동대문중학교 옆,서울특별시 동대문구 사가정로 62,37.574718,127.05339099999999,13.0,39.67,47.43,66.0,40.75
351,동대문구,622,전농사거리 교통섬,서울특별시 동대문구 사가정로 119,37.577793,127.05783100000001,49.29,115.0,99.14,134.0,121.5
352,동대문구,623,서울시립대 정문 앞,서울특별시 동대문구 서울시립대로 161,37.583698,127.05385600000001,169.29,347.67,340.57,435.67,444.75
353,동대문구,624,전농동 동아아파트 앞,서울특별시 동대문구 서울시립대로 31,37.574188,127.045891,30.29,316.67,107.43,167.67,106.0
354,동대문구,625,답십리초등학교 앞(현대시장 옆),서울특별시 동대문구 전농로 34,37.568191999999996,127.057175,28.86,161.0,104.0,170.33,91.75
355,동대문구,626,군자교 서측 녹지대,서울특별시 동대문구 장한로6길 95,37.561153000000004,127.07096899999999,14.29,44.67,75.71,149.0,76.0
356,동대문구,627,장안동삼거리 교통섬,서울특별시 동대문구 사가정로 240,37.578632,127.07190700000001,18.29,124.67,67.14,90.67,75.5
357,동대문구,628,휘봉고등학교 앞,서울특별시 동대문구 한천로 290,37.586815,127.067543,5.43,39.67,23.14,34.67,40.75
358,동대문구,630,동대문구 보건소,서울특별시 동대문구 천호대로 145,37.574852,127.040306,15.71,204.67,163.71,256.0,142.5
359,동대문구,631,답십리역 1번출구,서울특별시 동대문구 천호대로 269,37.568184,127.051277,43.29,221.33,152.86,262.0,247.75
360,동대문구,633,청량리 기업은행 앞,서울특별시 동대문구 홍릉로 1,37.580405999999996,127.044823,56.14,139.67,177.0,315.33,265.75
361,동대문구,634,외국어대 정문 앞,서울특별시 동대문구 이문로 107,37.59602,127.05983,96.86,175.0,267.86,445.0,460.25
362,동대문구,635,시조사 앞 (청량고정문 옆),서울특별시 동대문구 이문로1길 11,37.587517,127.052773,74.86,110.0,148.29,158.33,191.5
363,동대문구,636,세종대왕기념관 교차로,서울특별시 동대문구 회기로 56,37.5909,127.04258700000001,7.29,92.67,60.29,119.67,55.75
364,동대문구,637,KAIST 경영대학 앞,서울특별시 동대문구 회기로 85,37.591614,127.04579199999999,26.0,97.33,91.57,152.0,92.5
365,동대문구,638,서울시립대 정보기술관,서울특별시 동대문구 한천로43길 12-14,37.583008,127.060974,40.0,19.0,128.57,203.67,131.75
366,동대문구,639,서울시립대 후문,서울특별시 동대문구 한천로43길 12-14,37.585196999999994,127.060951,90.29,163.67,253.86,383.67,300.75
367,동대문구,640,KEB하나은행 청량리역지점,서울특별시 동대문구 왕산로 205,37.582454999999996,127.044495,19.71,147.67,77.0,73.0,58.25
368,동대문구,641,용두역 4번출구,서울특별시 동대문구 청계천로 563,37.573753,127.03853600000001,33.57,79.0,184.86,363.33,279.0
369,동대문구,642,신답역 사거리,서울특별시 동대문구 천호대로 231,37.570156,127.048584,28.86,106.0,68.71,138.0,126.25
370,동대문구,643,동대문구민체육센터 (육교아래),서울특별시 동대문구 장안벚꽃로 77,37.566971,127.074417,13.0,168.0,78.86,113.33,86.25
371,양천구,700,KB국민은행 염창역 지점 앞,서울특별시 양천구 목동 559,37.546848,126.872772,41.14,105.0,142.14,219.0,162.75
372,양천구,701,목동사거리 부근,서울특별시 양천구 목동 813,37.532803,126.86393000000001,27.86,38.33,40.71,71.67,69.0
373,양천구,702,목4동주민센터 옆,서울특별시 양천구 목동 904-3,37.532543,126.868729,13.86,58.67,41.71,70.67,56.25
374,양천구,703,오목교역 7번출구 앞,서울특별시 양천구 목동 451,37.524063,126.87558,87.86,134.33,267.86,597.33,487.5
375,양천구,704,남부법원검찰청 교차로,서울특별시 양천구 신정동 1095,37.523254,126.864906,34.71,56.67,76.14,155.67,170.25
376,양천구,706,신정네거리역,서울특별시 양천구 신월동 894,37.521881,126.851753,30.57,74.67,89.43,123.67,103.0
377,양천구,707,신정3동주민센터,서울특별시 양천구 중앙로 209,37.515156,126.854897,25.71,107.0,52.43,64.33,40.5
378,양천구,708,서울출입국관리사무소 앞,서울특별시 양천구 신정동 319-3,37.51897,126.869965,24.57,88.33,107.14,219.0,112.0
379,양천구,709,신정3동 현장민원실 앞,서울특별시 양천구 신정동 760-2,37.511585,126.84156000000002,7.29,54.33,14.86,26.67,15.0
380,양천구,710,서부화물트럭터미널 사거리,서울특별시 양천구 신정동 759-2,37.510658,126.84253700000001,13.71,62.0,28.86,47.0,48.0
381,양천구,711,신일해피트리아파트 앞,서울특별시 양천구 신월동 1063-4,37.517059,126.84848799999999,19.43,82.0,23.29,19.0,16.0
382,양천구,712,강월초교입구 사거리,서울특별시 양천구 신월동 905,37.516998,126.83831799999999,13.29,27.0,33.14,33.0,30.5
383,양천구,713,양서중학교 옆,서울특별시 양천구 신월동 790,37.533046999999996,126.82995600000001,12.0,28.33,31.71,25.67,23.75
384,양천구,714,한국SGI 양천문화회관 앞,서울특별시 양천구 신월동 790,37.532546999999994,126.830803,4.43,31.67,36.0,34.33,31.5
385,양천구,716,정6동 주민센터 인근,서울특별시 양천구 목동서로 355,37.517281,126.86433400000001,30.29,122.0,123.71,183.67,156.25
386,양천구,719,홍익병원앞 교차로,서울특별시 양천구 등촌로 2,37.530369,126.864258,21.86,24.0,65.14,162.0,118.75
387,양천구,720,서울강월초등학교 앞,서울특별시 양천구 신월로 97,37.516197,126.8349,5.71,68.0,35.0,37.0,18.75
388,용산구,800,목월공원 앞,서울특별시 용산구 원효로4가 109-10,37.532433000000005,126.954742,43.29,92.33,144.14,279.33,146.5
389,용산구,802,한강진역 2번 출구 앞,서울특별시 용산구 한남동 726-494,37.541153,127.00221299999998,27.43,65.33,68.57,150.33,100.75
390,용산구,803,한남초교 앞 보도육교,서울특별시 용산구 한남동 725-17,37.538139,127.004097,19.57,5.67,26.57,77.67,65.5
391,용산구,805,문배어린이공원 앞,서울특별시 용산구 문배동 34-10,37.536758,126.970001,31.29,91.67,147.43,191.67,112.75
392,용산구,806,전자랜드 본관 앞,서울특별시 용산구 한강로3가 16-8,37.533066,126.96073200000001,46.71,61.33,86.43,264.33,144.75
393,용산구,807,서울역 12번 출구 앞,서울특별시 용산구 동자동 14-229,37.552277000000004,126.97268700000001,26.86,178.33,98.43,207.0,126.5
394,용산구,808,서빙고동 금호맨션 앞,서울특별시 용산구 서빙고동 235-5,37.520503999999995,126.98973799999999,7.29,8.33,52.71,90.33,48.0
395,용산구,809,한남 유수지 복개주차장,서울특별시 용산구 독서당로 18,37.530167,127.00743899999999,41.43,75.0,153.43,356.67,269.5
396,용산구,810,이태원지하보도,서울특별시 용산구 용산동2가 5-1812,37.53841,126.986649,28.71,75.67,63.71,114.33,94.25
397,용산구,811,녹사평역1번출구,서울특별시 용산구 용산동2가 6-7,37.53508,126.985382,108.29,58.0,170.29,370.33,286.25
398,용산구,812,용산전쟁기념관,서울특별시 용산구 용산동1가 8-4,37.53484,126.97766100000001,39.57,13.67,60.86,135.0,76.25
399,용산구,813,삼각지역 3번출구,서울특별시 용산구 한강로1가 228-1,37.533512,126.972275,22.71,122.67,94.43,207.67,115.0
400,용산구,815,LIG강촌아파트 103동앞,서울특별시 용산구 이촌동301-5,37.518509,126.978798,34.29,52.0,146.43,204.0,141.25
401,용산구,816,신용산역 6번출구 앞,서울특별시 용산구 한강대로 115,37.530148,126.968483,59.0,161.0,204.14,469.33,323.25
402,용산구,817,삼각지역 4번출구 앞,서울특별시 용산구 한강대로 161,37.533451,126.971733,18.86,27.67,56.86,107.33,79.25
403,용산구,818,숙명여대 입구 교차로,서울특별시 용산구 청파로47길 100,37.544895000000004,126.96938300000001,73.0,131.67,166.57,278.33,259.0
404,용산구,819,선린인터넷 고등학교,서울특별시 용산구 원효로97길 33-4,37.541653000000004,126.970505,52.0,86.67,123.29,277.33,209.5
405,용산구,820,청파동입구 교차로,서울특별시 용산구 한강대로 349,37.549026,126.971947,25.71,180.67,130.86,162.33,102.75
406,용산구,822,이촌1동 마을공원,서울특별시 용산구 이촌로 219,37.522040999999994,126.965523,30.86,42.67,106.86,249.0,154.75
407,용산구,823,효창동주민센터 앞,서울특별시 용산구 효창원로 161,37.542320000000004,126.96196,22.29,51.33,61.0,102.33,79.5
408,용산구,825,서빙고동 주민센터 앞,서울특별시 용산구 서빙고로 279,37.520336,126.99426299999999,64.57,97.33,265.29,554.33,435.5
409,은평구,900,은평예술회관,서울특별시 은평구 녹번동 85-4,37.603943,126.927696,31.43,123.0,113.0,213.33,83.5
410,은평구,901,응암1동사무소,서울특별시 은평구 응암동 84-14,37.600975,126.926956,28.86,173.67,105.43,193.67,105.75
411,은평구,902,진관동 은빛초등학교,서울특별시 은평구 진관동 45-21,37.643108000000005,126.918221,11.71,24.67,37.14,55.33,34.75
412,은평구,903,은평뉴타운 아이파크,서울특별시 은평구 진관동 13-20,37.645866,126.92739099999999,19.43,158.33,71.43,79.0,38.25
413,은평구,904,은평뉴타운 푸르지오,서울특별시 은평구 진관동 5-8,37.648674,126.930702,17.86,203.33,90.14,74.33,62.0
414,은평구,905,구파발역 2번출구,서울특별시 은평구 진관동 86-31,37.636234,126.918999,37.29,69.0,138.0,370.67,287.5
415,은평구,906,연신내역 5번출구150M 아래,서울특별시 은평구 대조동 207-8,37.61721,126.919579,146.29,112.67,161.0,259.33,338.25
416,은평구,907,CJ 드림시티,서울특별시 은평구 역촌동 43-11,37.599491,126.91686200000001,112.86,303.67,401.43,608.67,571.75
417,은평구,908,구산역 4번출구,서울특별시 은평구 갈현동 536-8,37.613186,126.917351,34.14,31.67,92.29,108.0,167.75
418,은평구,909,백련산 힐스테이트 3차,서울특별시 은평구 응암동 761-9,37.586994,126.922882,25.0,80.67,55.29,68.33,59.75
419,은평구,911,은평평화공원(역촌역4번출구),서울특별시 은평구 녹번동 153-31,37.605583,126.92293500000001,41.71,178.33,149.29,189.0,182.75
420,은평구,912,응암오거리,서울특별시 은평구 응암동 604-5,37.589661,126.916946,67.86,175.67,147.29,213.67,161.0
421,은평구,913,이마트 은평점,서울특별시 은평구 응암동 90-15,37.6007,126.920128,81.0,141.0,221.43,381.67,462.0
422,은평구,914,새절역 2번출구,서울특별시 은평구 응암동 610-3,37.590796999999995,126.913651,92.0,211.0,263.86,464.0,351.75
423,은평구,915,증산역 4번출구,서울특별시 은평구 증산동 199-8,37.584381,126.909897,47.43,92.67,155.57,199.0,147.0
424,은평구,916,평생학습관 앞,서울특별시 은평구 역촌동 15-40,37.607849,126.92132600000001,23.86,127.0,78.29,95.0,94.75
425,은평구,917,녹번역 4번출구,서울특별시 은평구 녹번동 55,37.601299,126.935349,63.71,59.33,68.86,201.33,148.0
426,은평구,919,서울혁신파크,서울특별시 은평구 녹번동 15-2,37.607948,126.932503,12.0,35.67,38.43,97.67,70.75
427,은평구,921,신도고등학교,서울특별시 은평구 진관동 242-14,37.630016,126.91902900000001,27.14,44.33,54.29,120.67,94.75
428,은평구,922,연신내역 4번출구,서울특별시 은평구 대조동 227-2,37.617802000000005,126.921967,38.71,30.67,55.71,112.0,118.5
429,은평구,923,국민은행 연서지점,서울특별시 은평구 불광동 355,37.620948999999996,126.92563600000001,19.29,107.0,67.29,61.33,70.25
430,은평구,924,메뚜기다리,서울특별시 은평구 진관동 161-9,37.628516999999995,126.929581,12.86,36.67,49.57,71.0,36.25
431,은평구,925,불광역 2번출구,서울특별시 은평구 불광동 285-43,37.609566,126.930977,24.29,46.67,56.57,104.33,82.25
432,은평구,926,불광역 8번출구,서울특별시 은평구 불광동 276-6,37.611179,126.92966499999999,79.0,131.33,150.29,211.33,180.0
433,은평구,927,연신내역 3번출구 인근,서울특별시 은평구 불광동 304-5,37.617855,126.922523,34.0,40.33,59.43,130.33,98.75
434,은평구,928,은평역사한옥박물관,서울특별시 은평구 진관동 133-29,37.641315000000006,126.938042,3.29,10.67,44.29,53.0,36.25
435,은평구,930,구 서부경찰서 건너편,서울특별시 은평구 역촌동 41-7,37.601662,126.920303,12.57,25.0,35.86,56.33,42.5
436,은평구,931,역촌파출소,서울특별시 은평구 역촌동 45-34,37.604735999999995,126.91533700000001,64.43,149.33,164.57,197.67,170.0
437,은평구,932,예일여중,서울특별시 은평구 연서로 117,37.610003999999996,126.916397,39.29,51.33,105.71,139.0,187.75
438,은평구,933,LG서비스 역촌점,서울특별시 은평구 서오릉로 163,37.612484,126.914879,39.43,50.67,116.14,158.0,187.75
439,강동구,1001, 광진교 남단 사거리(디지털프라자앞),서울특별시 강동구 구천면로 171,37.541805,127.12471799999999,28.14,25.0,47.29,99.0,143.5
440,강동구,1002, 해공공원(천호동),서울특별시 강동구 올림픽로 702,37.545219,127.12591599999999,10.57,11.67,22.57,43.67,54.5
441,강동구,1003, 해공도서관앞,서울특별시 강동구 올림픽로 702,37.543915000000005,127.12545800000001,9.43,16.33,30.57,51.33,65.75
442,강동구,1004, 삼성광나루아파트 버스정류장,서울특별시 강동구 상암로3길 77,37.553349,127.12886,13.71,38.67,24.43,55.0,80.0
443,강동구,1006, 롯데캐슬 115동앞,서울특별시 강동구 양재대로 1665,37.55492,127.142799,16.43,35.33,30.86,68.33,57.0
444,강동구,1007,암사동 선사유적지,서울특별시 강동구 올림픽로 875,37.559063,127.130646,1.0,1.67,6.86,13.0,10.5
445,강동구,1008, 암사역 3번출구(국민은행앞),서울특별시 강동구 올림픽로 지하 776,37.549549,127.127151,20.71,27.33,44.0,81.33,75.75
446,강동구,1010, 강동세무서,서울특별시 강동구 천호대로 1139,37.534481,127.13834399999999,20.29,23.67,37.14,80.0,74.75
447,강동구,1011, LIGA 아파트 앞,서울특별시 강동구 천호대로 1120,37.534771,127.13523899999998,25.71,58.0,46.43,81.67,90.25
448,강동구,1012, 서울 상운차량,서울특별시 강동구 올림픽로 610,37.536026,127.122726,23.43,45.0,61.14,128.33,130.0
449,강동구,1013, 강동구청역 1번 출입구,서울특별시 강동구 올림픽로 지하 550,37.530772999999996,127.120926,17.43,35.0,53.86,135.33,93.0
450,강동구,1014, 강동구평생학습관앞,서울특별시 강동구 고덕로 295,37.5508,127.142624,21.86,15.33,38.14,64.33,76.25
451,강동구,1016, 해뜨는 주유소옆 리엔파크 109동앞,서울특별시 강동구 상일로 152,37.559399,127.171158,10.0,14.67,28.0,39.33,42.25
452,강동구,1017, 맥도날드(길동),서울특별시 강동구 천호대로 1207,37.535472999999996,127.145172,11.71,15.67,32.86,37.33,45.5
453,강동구,1019, 다성이즈빌아파트(호원대 대각선 맞은편),서울특별시 강동구 성내로 91,37.526825,127.130028,15.71,36.33,39.86,83.0,89.5
454,강동구,1020, 강동경찰서,서울특별시 강동구 성내로 57,37.528290000000005,127.126801,8.0,28.0,55.29,121.67,78.5
455,강동구,1021, 강일동 리슈빌 빌딩앞,서울특별시 강동구 아리수로 419,37.564301,127.17395,17.43,8.33,33.43,73.33,80.0
456,강동구,1022, 길동 사거리(초소앞),서울특별시 강동구 양재대로 1441,37.533764,127.13803100000001,13.57,15.33,40.29,60.33,72.75
457,강서구,1101, 개화동상사마을종점 버스정류장,서울특별시 강서구 개화동로5길 3-8,37.581612,126.798599,0.71,2.33,6.86,10.67,4.25
458,강서구,1102, 방화사거리 마을버스 버스정류장,서울특별시 강서구 양천로17길 6,37.573643,126.811806,10.86,28.0,28.14,80.67,51.0
459,강서구,1105, 방화근린공원,서울특별시 강서구 금낭화로 176,37.582446999999995,126.81203500000001,0.43,1.33,11.43,11.67,14.25
460,강서구,1108, 공항시장역 1번출구,서울특별시 강서구 방화동로 지하 30,37.563559999999995,126.81015,11.29,5.33,15.86,44.67,32.25
461,강서구,1109, 공항시장역 4번출구,서울특별시 강서구 방화동로 지하 30,37.563347,126.81048600000001,7.43,6.33,23.0,41.0,35.25
462,강서구,1110, 공항중학교앞,서울특별시 강서구 방화대로 241,37.562683,126.81623799999998,1.29,0.33,0.71,3.67,1.75
463,강서구,1111, 마곡엠밸리6_7단지 마곡중학교,서울특별시 강서구 마곡중앙5로 58,37.566982,126.8218,25.86,39.67,69.71,152.0,153.0
464,강서구,1113, 서남환경공원 버스정류장,서울특별시 강서구 양천로 201,37.573093,126.82289899999999,7.0,19.33,28.0,50.0,31.75
465,강서구,1114, 서남물재생센터 버스정류장,서울특별시 강서구 양천로 200,37.572781,126.826279,1.86,2.33,5.14,14.33,16.75
466,강서구,1118, 증미역 3번출구뒤(등촌두산위브센티움오피스텔),서울특별시 강서구 양천로 지하 560,37.557460999999996,126.86145800000001,16.71,34.67,50.71,187.0,125.25
467,강서구,1119, 염창동 한마음아파트앞(염창동 빛나는 음악학원앞),서울특별시 강서구 양천로 637,37.554253,126.86756100000001,12.57,40.33,28.29,65.0,47.75
468,강서구,1120, 대림경동아파트앞,서울특별시 강서구 허준로 121,37.565189000000004,126.853996,19.43,73.33,85.71,174.33,135.75
469,강서구,1121, 가양레포츠센터앞,서울특별시 강서구 양천로61길 101,37.559478999999996,126.86438000000001,15.14,26.0,60.86,139.0,95.75
470,강서구,1122, 황금내근린공원,서울특별시 강서구 허준로 221-40,37.561932,126.863869,16.29,45.0,60.0,164.33,157.0
471,강서구,1123, 공암나루근린공원 관리사무소옆,서울특별시 강서구 강서로80길 117,37.570479999999996,126.849503,16.0,51.67,85.43,158.33,143.0
472,강서구,1124, 발산역 6번출구옆(다이소앞),서울특별시 강서구 공항대로 280,37.557968,126.83828700000001,40.43,33.0,85.14,209.67,173.25
473,강서구,1126, 우장산역 1번출구옆(우장산아이파크105동앞),서울특별시 강서구 강서로 지하 262,37.548908000000004,126.83656299999998,20.29,35.0,37.14,55.0,59.75
474,강서구,1127, 화곡역(에이스정형외과앞) 버스정류장,서울특별시 강서구 화곡로 157,37.540981,126.83854699999999,7.86,4.0,9.14,25.33,33.25
475,강서구,1128, 화곡역 6번출구,서울특별시 강서구 화곡로 지하 168,37.541412,126.840225,2.43,1.67,1.14,4.67,4.0
476,강서구,1129, 화곡역 1번 출구 앞,서울특별시 강서구 화곡로 지하 168,37.542099,126.840218,27.0,21.0,46.57,95.33,91.5
477,강서구,1130, 화곡본동시장 버스정류장,서울특별시 강서구 화곡로 196,37.542751,126.842621,5.29,9.33,7.43,16.67,20.25
478,강서구,1131, 꿈돌이공원 앞,서울특별시 강서구 화곡로 232,37.546444,126.845459,19.0,55.33,34.29,46.0,55.0
479,강서구,1132, 등촌역 7번출구,서울특별시 강서구 공항대로 지하 529,37.551109000000004,126.863708,26.43,34.0,67.43,124.0,95.0
480,강서구,1135, 강서구의회,서울특별시 강서구 등촌로 185,37.546532,126.862549,7.0,47.0,25.0,46.67,39.5
481,강서구,1136, 등촌2파출소,서울특별시 강서구 등촌로 167,37.544788,126.86200000000001,4.71,13.0,13.71,21.67,19.0
482,강서구,1137, 등촌2동주민센터,서울특별시 강서구 등촌로 143,37.541649,126.86336499999999,4.0,12.33,20.86,22.33,18.5
483,강서구,1139, 용문사 버스정류장,서울특별시 강서구 등촌로 95,37.537890999999995,126.863396,13.71,81.33,33.14,43.67,45.0
484,강서구,1141, 곰달래 문화복지센터 1-1,서울특별시 강서구 강서로5길 50,37.52906,126.84848000000001,7.57,24.67,25.86,30.0,39.75
485,강서구,1145, 곰달래 문화복지센터 1-2,서울특별시 강서구 강서로5길 50,37.528919,126.848083,11.14,8.33,15.57,28.67,37.0
486,강서구,1146, 곰달래사거리,서울특별시 강서구 곰달래로 51,37.530338,126.83825700000001,13.14,12.67,20.14,42.33,44.25
487,강서구,1148, 볏골공원,서울특별시 강서구 까치산로4길 22,37.541470000000004,126.84478,3.14,26.0,22.0,28.33,24.5
488,송파구,1205, 종합운동장역 4번출구,서울특별시 송파구 올림픽로 8,37.510428999999995,127.071373,11.43,19.67,47.14,166.33,95.75
489,송파구,1206, 9호선종합운동장역 9번출구,서울특별시 송파구 올림픽로 지하 23,37.51128,127.078239,10.14,15.0,41.43,124.33,104.75
490,송파구,1209, 잠실나루역 (2번 출구 쪽),서울특별시 송파구 오금로 20,37.520451,127.104202,19.14,36.67,68.43,241.67,155.75
491,송파구,1213, 백토공원 앞,서울특별시 송파구 양재대로72길 47-8,37.507659999999994,127.13273600000001,5.57,18.0,17.57,64.33,32.25
492,송파구,1215, 올림픽공원역 1번출구 앞,서울특별시 송파구 양재대로 지하 1233,37.516571,127.13153799999999,20.86,32.33,92.86,209.0,154.0
493,송파구,1217, 송파파인타운 7단지,서울특별시 송파구 충민로4길 19,37.479271000000004,127.12957800000001,10.29,21.33,36.29,74.0,51.5
494,송파구,1220, 잠실본동주민센터뒤 잠실근린공원,서울특별시 송파구 백제고분로15길 7,37.505691999999996,127.08403799999999,12.14,67.33,36.71,57.0,65.0
495,송파구,1224, 아시아지하보도 2번 출구,서울특별시 송파구 올림픽로 74,37.512169,127.078934,17.0,19.0,24.29,92.33,88.0
496,송파구,1229, 송파체육문화회관 앞,서울특별시 송파구 양산로 15,37.490688,127.143127,2.43,3.67,6.86,16.33,16.5
497,송파구,1232, 롯데마트 주차장 옆,서울특별시 송파구 석촌호수로12길 3-19,37.512089,127.09619099999999,30.0,16.67,90.14,280.67,234.75
498,송파구,1233, 잠실3거리(갤러리아팰리스),서울특별시 송파구 석촌호수로12길 3-17,37.510509000000006,127.093369,11.57,14.67,27.14,87.0,70.75
499,송파구,1235, 잠실트리지움310동 옆,서울특별시 송파구 잠실로 62,37.508339,127.08814199999999,12.57,15.33,28.71,60.67,69.0
500,성북구,1304, 만해공원,서울특별시 성북구 성북로 132-1,37.594402,126.99231,0.71,0.33,1.71,2.33,1.25
501,성북구,1308, 안암로터리 버스정류장 앞,서울특별시 성북구 안암로 69,37.582592,127.028976,9.57,5.33,10.57,30.67,23.75
502,성북구,1313, 정릉현대힐스테이트 1차 후문,서울특별시 성북구 정릉로27가길 28-2,37.603249,127.014648,18.29,22.0,32.86,40.33,37.5
503,성북구,1314, 정릉꿈에그린1단지 201동 앞,서울특별시 성북구 아리랑로19길 20,37.60244,127.01168799999999,5.43,37.67,16.43,28.0,19.5
504,성북구,1316, 고려사대부속중고 건너편 ,서울특별시 성북구 보국문로29길 23,37.607262,127.00283799999998,12.86,35.33,15.71,51.33,35.25
505,성북구,1319, 종암사거리 분수대,서울특별시 성북구 종암로 147,37.603043,127.033272,23.0,67.33,53.14,91.0,105.25
506,성북구,1322, 래미안라센트아파트 103동 앞,서울특별시 성북구 종암로3길 37-2,37.598068,127.039276,0.43,6.33,1.86,3.33,2.5
507,성북구,1323, 월곡역 입구 육교 밑,서울특별시 성북구 월곡로 지하 107,37.600433,127.04020700000001,5.43,22.0,17.57,34.67,46.25
508,성북구,1325, 상월곡역 4번출구,서울특별시 성북구 화랑로 148,37.605808,127.04773700000001,2.86,5.33,4.0,9.67,7.5
509,성북구,1326, 상월곡역 1번출구,서울특별시 성북구 화랑로 지하 157,37.606068,127.04731799999999,1.14,4.67,5.71,6.33,6.75
510,성북구,1333, 석관초등학교 앞,서울특별시 성북구 돌곶이로22길 21,37.610523,127.059799,7.29,3.33,10.14,21.67,23.25
511,중랑구,1401, 극동늘푸른아파트,서울특별시 중랑구 동일로 941,37.614738,127.07636299999999,15.0,10.33,29.29,91.33,92.75
512,중랑구,1402, 금란주차장 앞,서울특별시 중랑구 망우로 448,37.600071,127.102333,6.71,9.33,15.71,40.33,36.0
513,중랑구,1403, 중화빌딩 앞 (동부시장),서울특별시 중랑구 망우로 211,37.59425,127.076576,17.0,7.67,17.29,44.0,70.0
514,중랑구,1405, 망우역 1번출구,서울특별시 중랑구 망우로55길 11-10,37.599098,127.092949,26.29,14.0,35.71,95.67,118.0
515,중랑구,1406, 망우청소년수련관,서울특별시 중랑구 송림길 156,37.606251,127.10826899999999,2.43,3.33,10.0,13.67,22.5
516,중랑구,1410, 면목 대원칸타빌아파트,서울특별시 중랑구 용마산로 285,37.577782,127.09018700000001,4.86,26.33,10.86,21.33,21.75
517,중랑구,1412, 면목초등학교,서울특별시 중랑구 면목로 434,37.590961,127.08706699999999,11.86,8.67,22.29,60.33,55.5
518,중랑구,1413, 봉화산역 5번출구 뒤,서울특별시 중랑구 신내로 지하 232,37.617561,127.090309,3.86,8.33,21.0,49.67,55.5
519,중랑구,1418, 새솔초등학교,서울특별시 중랑구 신내역로1길 164,37.617989,127.110542,3.29,16.0,10.86,26.0,21.0
520,중랑구,1420, 신내어울공원 앞,서울특별시 중랑구 신내로16길 17,37.614231,127.096764,2.0,11.67,3.57,9.67,15.0
521,중랑구,1421, 신내역 4번출구,서울특별시 중랑구 신내로 지하 232,37.612460999999996,127.103378,1.57,6.33,5.14,11.33,3.75
522,중랑구,1422, 신내우디안아파트 1단지,서울특별시 중랑구 신내역로 213,37.620098,127.10646100000001,1.86,8.0,3.43,2.67,7.5
523,중랑구,1424, 양원역 2번출구,서울특별시 중랑구 송림길 147,37.606312,127.10774199999999,0.14,0.33,0.43,1.67,0.75
524,중랑구,1425, 용마문화복지센터,서울특별시 중랑구 용마산로86길 9-27,37.58746,127.09597,5.29,20.67,11.57,17.67,24.5
525,중랑구,1426, 면목도시개발아파트 1동 앞,서울특별시 중랑구 용마산로 지하 227,37.573589,127.086823,5.57,31.33,13.29,26.67,19.5
526,중랑구,1434, 홈플러스 면목동점,서울특별시 중랑구 사가정로 332,37.579868,127.08236699999999,10.57,31.33,24.14,44.0,48.5
527,중랑구,1435, 능산삼거리,서울특별시 중랑구 용마산로 644,37.608681,127.100792,3.0,6.67,8.14,11.33,15.5
528,중랑구,1437, 늘푸른공원 앞,서울특별시 중랑구 동일로 594,37.583420000000004,127.079926,1.86,12.67,3.86,11.0,17.25
529,중랑구,1438, 홈플러스 신내점 앞,서울특별시 중랑구 신내로 지하 232,37.616169,127.093483,5.57,24.67,26.71,58.67,61.5
530,중랑구,1441, 신내능말공원,서울특별시 중랑구 용마산로136길 33,37.616710999999995,127.11073300000001,2.29,20.0,7.86,12.0,11.0
531,강북구,1503, 이디야 커피 수유역점 앞,서울특별시 강북구 도봉로 355,37.639278000000004,127.026756,24.43,11.33,30.29,71.67,91.0
532,강북구,1504, 다이소 삼양시장점,서울특별시 강북구 삼양로 234,37.624157000000004,127.018623,8.43,32.67,16.0,29.67,35.5
533,강북구,1506, 강북문화예술회관,서울특별시 강북구 삼각산로 85,37.640327,127.01335900000001,8.57,14.0,18.86,33.33,34.5
534,강북구,1514, 강북구청 사거리 버스정류소 앞,서울특별시 강북구 한천로 1009,37.638805,127.02835800000001,3.29,2.33,3.0,8.67,13.0
535,강북구,1515, 송천동 주민센터,서울특별시 강북구 솔샘로 284,37.618286,127.024048,12.57,27.0,9.86,20.0,30.0
536,강북구,1516, 우이초등학교 후문 옆,서울특별시 강북구 삼양로99길 33,37.638706,127.01590700000001,2.71,6.33,8.86,16.67,13.5
537,강북구,1518, SK telecom(수유직영점) 앞,서울특별시 강북구 삼양로 439,37.643085,127.016167,1.29,0.33,2.43,3.0,3.5
538,강북구,1519, 세븐일레븐 수유장미원점 앞,서울특별시 강북구 삼양로 474,37.645451,127.01561699999999,6.71,4.33,13.43,27.0,22.0
539,노원구,1601, 석계역 문화광장 내 자전거 보관소,서울특별시 노원구 화랑로 331,37.615299,127.06446799999999,39.0,22.67,35.86,135.0,149.25
540,노원구,1603, 롯데캐슬 102동 코너(월계주유소건너),서울특별시 노원구 월계로 252,37.624859,127.05013999999998,11.86,23.0,31.0,96.33,74.0
541,노원구,1606, 태릉입구역 3번출구 ,서울특별시 노원구 동일로 지하 992-1,37.619171,127.074928,23.14,45.33,45.29,102.33,105.0
542,노원구,1610, 화랑대역 2번출구 앞,서울특별시 노원구 화랑로 지하 510,37.620369000000004,127.08364099999999,17.14,52.67,54.14,112.33,129.0
543,노원구,1611, 과기대 입구(우),서울특별시 노원구 공릉로 232,37.629940000000005,127.076553,38.14,29.0,67.43,160.0,187.0
544,노원구,1616, 하계2동 공항버스정류장 옆,서울특별시 노원구 동일로 지하 1196,37.635109,127.068329,13.71,37.0,36.43,70.0,69.75
545,노원구,1617, 하계동 중평어린이공원 앞,서울특별시 노원구 섬밭로 241,37.63715,127.063271,0.14,0.67,1.43,2.67,2.25
546,노원구,1623, 노원 구민회관,서울특별시 노원구 동일로 1229,37.638649,127.06629199999999,8.86,22.33,34.43,85.0,72.25
547,노원구,1634, 당고개공원 대여소,서울특별시 노원구 상계로 283,37.669078999999996,127.077591,3.57,14.0,12.43,22.33,12.75
548,노원구,1635, 상계3.4동 주민센터 대여소,서울특별시 노원구 덕릉로131길 8,37.672709999999995,127.08316,1.86,7.0,3.43,4.67,4.0
549,노원구,1636, 백병원 사거리 농협은행 앞,서울특별시 노원구 동일로 1351,37.649212,127.06176799999999,13.86,22.67,30.43,83.33,84.0
550,노원구,1637, KT 노원점 건물 앞,서울특별시 노원구 노해로 489,37.654701,127.0634,33.86,19.33,45.71,118.0,162.25
551,노원구,1639, 희성오피앙,서울특별시 노원구 동일로 1701,37.680313,127.05506899999999,0.57,0.67,1.71,4.0,1.75
552,도봉구,1702, 녹천역 1번출구 앞,서울특별시 도봉구 덕릉로 376,37.646172,127.05056,5.0,9.0,15.71,36.33,34.75
553,도봉구,1703, 도봉산광역환승센터앞 ,서울특별시 도봉구 도봉로 955,37.68972,127.045197,0.14,0.33,1.71,4.0,2.5
554,도봉구,1707, 도봉구민회관,서울특별시 도봉구 도봉로 552,37.654461,127.038513,11.71,15.0,21.43,59.0,67.75
555,도봉구,1708, 보건소사거리(다비치안경창동점),서울특별시 도봉구 해등로 150,37.65683,127.03984799999999,1.86,1.0,1.29,3.0,6.75
556,도봉구,1709, 쌍문역4번출구 주변,서울특별시 도봉구 도봉로 지하 486-1,37.650127000000005,127.035347,12.29,19.67,24.43,73.0,87.25
557,도봉구,1712, 창동역공영주차장앞,서울특별시 도봉구 마들로11길 74,37.654049,127.050201,6.86,14.33,18.14,50.67,43.25
558,금천구,1809, LG전자 별관동(호서대 벤처타워 맞은편),서울특별시 금천구 가산디지털1로 63,37.470779,126.88515500000001,0.71,1.67,3.71,43.0,9.25
559,금천구,1814, 두산위브아파트 옆 상가건물 앞,서울특별시 금천구 가산로 99,37.47422,126.894127,2.86,4.67,9.71,20.33,18.75
560,금천구,1816, 금천폭포공원 앞,서울특별시 금천구 시흥대로38길 61,37.446861,126.90383100000001,1.29,10.0,6.86,7.33,15.25
561,금천구,1819, 금천구청 앞 자전거거치대,서울특별시 금천구 시흥대로73길 70,37.456478000000004,126.895927,0.14,1.67,3.29,2.67,1.75
562,금천구,1820, 신한은행 시흥대로금융센터지점,서울특별시 금천구 시흥대로 446,37.44334,126.90335800000001,1.0,2.33,3.14,6.67,6.75
563,금천구,1822, 서울 시흥동우체국 앞,서울특별시 금천구 시흥대로 217,37.452991,126.90090900000001,2.0,2.67,2.14,8.33,9.25
564,금천구,1823, 상신정비공업 앞,서울특별시 금천구 시흥대로 287,37.458912,126.89858999999998,1.71,11.67,6.0,17.33,13.75
565,금천구,1825, 한신아파트 앞 육교 아래,서울특별시 금천구 금하로1길 70,37.4547,126.891052,1.29,1.67,3.57,12.67,9.0
566,금천구,1826, 한신코아 앞,서울특별시 금천구 한내로 62,37.456841,126.88834399999999,1.0,1.0,1.14,6.0,5.5
567,금천구,1828, 한양수자인아파트 앞,서울특별시 금천구 시흥대로150길 6,37.475319,126.89888799999999,3.29,11.67,7.71,21.0,12.0
568,금천구,1829, 홈플러스 금천점 앞,서울특별시 금천구 시흥대로 391,37.469139,126.89720200000001,0.71,0.67,1.29,3.33,3.0
569,금천구,1830, 빅마켓 금천점 앞,서울특별시 금천구 두산로 71,37.47023,126.895073,3.14,11.33,11.86,29.33,25.25
570,금천구,1831, 메이퀸웨딩컨벤션 앞,서울특별시 금천구 시흥대로 435,37.4725,126.897957,2.86,0.33,5.43,8.33,10.0
571,금천구,1834, 월드메르디앙 벤처센터 2차,서울특별시 금천구 가산디지털2로 123,37.479084,126.879044,2.43,4.33,11.0,72.67,28.0
572,금천구,1835, STX V타워,서울특별시 금천구 가산디지털1로 128,37.47707,126.88443000000001,1.86,4.33,8.0,50.0,19.25
573,구로구,1901, 신도림동주민센터 앞,서울특별시 구로구 신도림로 40,37.507332,126.87973000000001,6.29,38.67,20.0,35.33,28.25
574,구로구,1904, 도림천역 1번 출구 앞,서울특별시 구로구 경인로67길 160,37.51424,126.882874,6.43,19.67,22.0,48.67,43.5
575,구로구,1906, 신도림역 1번 출구 앞,서울특별시 구로구 경인로 688,37.50972,126.89009899999999,16.86,27.0,59.0,173.0,162.0
576,구로구,1907, 구일우성(아) 육교 밑,서울특별시 구로구 구일로2길 59,37.489632,126.876259,1.43,16.0,8.0,19.67,10.0
577,구로구,1908, 해원리바파크 육교 밑,서울특별시 구로구 구일로 110,37.495284999999996,126.87216200000002,6.14,36.67,18.43,47.33,30.25
578,구로구,1911, 구로디지털단지역 앞,서울특별시 구로구 시흥대로 577-2,37.48494,126.901321,10.71,4.67,18.0,57.67,43.25
579,구로구,1912, 한신휴아파트 앞,서울특별시 구로구 디지털로31길 120,37.4888,126.89066299999999,6.29,19.33,14.86,48.0,31.5
580,구로구,1913, 구로리공원,서울특별시 구로구 구로중앙로 13,37.491032000000004,126.892151,5.71,9.67,9.43,40.67,28.0
581,구로구,1920, 서울미래초등학교 사거리,서울특별시 구로구 새말로 73,37.504379,126.88829799999999,17.0,16.0,24.86,48.0,61.0
582,구로구,1928, 고척스카이돔구장 광장,서울특별시 구로구 경인로 430,37.49947,126.868401,13.43,27.33,24.0,52.33,86.75
583,구로구,1929, 고척근린공원 고척도서관 앞,서울특별시 구로구 고척로45길 31,37.505134999999996,126.85276,2.14,8.33,12.71,21.33,21.75
584,구로구,1930, 개봉지구대 개봉치안센터,서울특별시 구로구 경인로 293,37.497684,126.853729,3.29,5.33,5.86,12.33,13.75
585,구로구,1933, 개봉푸르지오아파트 상가,서울특별시 구로구 남부순환로 775,37.501583000000004,126.84687,5.43,16.0,14.29,23.33,20.75
586,구로구,1937, 한진아파트 입구,서울특별시 구로구 개봉로3길 87,37.486061,126.85201299999999,1.14,2.67,3.86,6.0,11.25
587,구로구,1940, 예성 라온팰리스 앞,서울특별시 구로구 오류로8바길 34,37.497551,126.847252,3.86,9.67,12.43,15.33,22.0
588,동작구,2007, 유한양행앞,서울특별시 동작구 노량진로 74,37.512939,126.934242,18.57,23.67,39.0,124.67,112.75
589,동작구,2008, 노량진근린공원 대방공원,서울특별시 동작구 여의대방로44길 20,37.509369,126.92806999999999,0.43,0.33,0.29,1.67,1.0
590,동작구,2009, 보라매역 8번출구,서울특별시 동작구 상도로 지하 2,37.500076,126.92108200000001,6.0,12.67,5.71,16.67,18.25
591,동작구,2013, 장승배기역 5번출구,서울특별시 동작구 상도로 지하 188,37.505852000000004,126.93936200000002,12.43,15.67,31.71,61.0,86.0
592,동작구,2015, 신대방삼거리역 6번출구쪽,서울특별시 동작구 상도로 지하 76,37.499855,126.929565,7.71,12.0,12.86,26.33,33.75
593,동작구,2020, 장승배기역2번출구뒷편쪽,서울특별시 동작구 상도로 지하 188,37.504498,126.938988,4.14,5.0,7.14,16.33,11.75
594,동작구,2036, 정금마을 마을버스정류장,서울특별시 서초구 동작대로 198,37.494704999999996,126.98239099999999,1.43,2.67,1.86,3.67,4.75
595,동작구,2037, 동작역 5번출구 동작주차공원,서울특별시 동작구 현충로 지하 220,37.503189,126.97715,3.43,6.33,14.71,66.67,40.75
596,동작구,2041, 사당중학교 버스정류소,서울특별시 동작구 사당로 169,37.486835,126.968048,2.71,1.67,2.43,11.33,12.5
597,동작구,2048, 삼일초등학교 인근,서울특별시 동작구 사당로23나길 27,37.488453,126.97421299999999,0.29,7.33,2.71,2.33,8.5
598,동작구,2056, 동작구민 체육센터,서울특별시 동작구 여의대방로16길 53,37.494499,126.916527,1.29,2.33,3.14,3.67,9.25
599,동작구,2057, 상도 아이파크 아파트,서울특별시 동작구 장승배기로 26,37.500881,126.94175,1.86,3.67,1.86,3.33,6.5
600,관악구,2102, 봉림교 교통섬,서울특별시 관악구 관천로 52,37.48423,126.92639199999999,29.57,9.0,27.86,97.67,144.5
601,관악구,2103, 신림동 우방아파트,서울특별시 관악구 관천로27길 2,37.489178,126.919273,3.71,11.0,8.43,27.67,28.0
602,관악구,2107, 도림천 신화교,서울특별시 관악구 신림로 40,37.475471,126.93645500000001,15.0,25.0,40.14,108.67,135.0
603,관악구,2108, 은천치안센터,서울특별시 관악구 봉천로 375,37.483340999999996,126.94319899999999,9.57,12.33,14.43,44.0,60.75
604,관악구,2129, 낙성대 과학전시관,서울특별시 관악구 낙성대로 101,37.469055,126.958145,2.29,3.33,12.14,33.33,22.0
605,관악구,2130, 영어마을 관악캠프,서울특별시 관악구 낙성대로 70,37.47197,126.95876299999999,4.86,8.67,15.0,37.0,41.75
606,관악구,2135, 신림역 5번출구,서울특별시 관악구 남부순환로 지하 1614,37.484409,126.928909,6.0,1.0,5.43,17.33,25.0
607,관악구,2140, 신림1교 교차로,서울특별시 관악구 신림로 270,37.478428,126.93186200000001,6.0,9.0,14.14,31.33,55.75
608,관악구,2145, 은천초등학교 육교,서울특별시 관악구 은천로 69,37.486359,126.942924,5.14,18.0,14.14,21.67,18.25
609,관악구,2153, 서울남부초등학교 옆,서울특별시 관악구 남부순환로163가길 20,37.485141999999996,126.92056299999999,1.0,1.0,0.86,3.67,7.25
610,관악구,2157, 난곡 사거리,서울특별시 관악구 난곡로 317,37.4818,126.915237,5.86,6.33,3.86,11.67,17.5
611,서초구,2201, 본마을 정류소 앞,서울특별시 서초구 본마을2길 2,37.453281,127.051483,1.14,1.0,2.57,11.0,11.25
612,서초구,2206, 언남초등학교 앞,서울특별시 서초구 헌릉로8길 42,37.454399,127.06230900000001,0.86,7.0,0.86,4.67,0.25
613,서초구,2212,서초현대4차아파트 201동 맞은편,서울특별시 서초구 고무래로 94,37.500961,127.01792900000001,3.29,5.67,10.0,33.67,25.25
614,서초구,2213, 고속터미널역 5번출구 앞,서울특별시 서초구 신반포로 지하 188,37.502232,127.00225800000001,1.57,8.0,6.14,37.33,23.75
615,서초구,2214, 신반포역 2번출구 앞,서울특별시 서초구 신반포로 지하 105,37.504115999999996,126.99748999999998,4.43,2.67,5.0,25.33,29.75
616,서초구,2219,고속터미널역 8-1번 8-2번 출구 사이,서울특별시 서초구 신반포로 지하 188,37.506199,127.00394399999999,13.43,14.0,22.57,83.33,78.25
617,서초구,2221,하나은행 방배동지점 앞,서울특별시 서초구 방배로 110,37.485611,126.99468200000001,1.14,1.33,3.29,11.0,10.0
618,서초구,2223, 방배래미안 정문 앞,서울특별시 서초구 남부순환로 2183,37.472609999999996,126.98300900000001,0.71,0.67,2.0,9.33,7.0
619,서초구,2226, 신동아럭스빌아파트 앞,서울특별시 서초구 방배로1길 9,37.475182000000004,127.00138899999999,1.14,0.33,3.0,10.0,5.5
620,서초구,2227,방배열린문화센터 앞,서울특별시 서초구 서초대로 지하 103,37.489052,126.99252299999999,1.57,5.0,5.86,28.0,17.25
621,서초구,2228,뒷벌공원 옆,서울특별시 서초구 방배중앙로 131,37.489585999999996,126.986725,2.86,4.0,5.14,15.67,14.75
622,서초구,2229,로고스교회 맞은 편,서울특별시 서초구 방배천로 126,37.487010999999995,126.98496200000001,4.29,3.33,7.57,23.33,36.0
623,서초구,2231, 삼성타운(삼성생명) A동 맞은편,서울특별시 서초구 서초대로 405,37.496914000000004,127.02496299999999,3.71,3.67,10.29,44.33,15.25
624,서초구,2233, 서초신동아1차아파트 옆,서울특별시 서초구 효령로36길 22,37.491112,127.022957,1.0,2.0,2.57,7.67,7.75
625,서초구,2239,교대역 6번출구,서울특별시 서초구 서초대로 지하 294,37.494217,127.01378600000001,3.71,5.0,6.0,26.33,19.75
626,서초구,2241,양재전화국 사거리,서울특별시 강남구 논현로 201,37.485378000000004,127.041702,3.0,10.0,10.0,37.0,25.5
627,서초구,2242,양재역 11번 출구 앞,서울특별시 서초구 남부순환로 지하 2585,37.483990000000006,127.03418,0.29,1.67,2.14,9.33,3.25
628,서초구,2243,서울가정법원,서울특별시 서초구 강남대로 193,37.481491,127.036728,0.86,2.67,4.57,18.67,13.25
629,서초구,2244,교육개발원입구 교차로,서울특별시 서초구 바우뫼로1길 35,37.477852,127.03891000000002,2.86,6.0,7.57,23.0,18.25
630,서초구,2245,양재초등학교 맞은편,서울특별시 서초구 바우뫼로18길 14,37.473614000000005,127.03051,1.86,4.67,4.14,19.67,11.0
631,서초구,2247,섬들근린공원,서울특별시 서초구 태봉로2길 24,37.462639,127.026619,0.43,2.67,1.0,2.33,0.25
632,서초구,2256,양재동 꽃시장 입구,서울특별시 서초구 강남대로 27,37.467690000000005,127.04035900000001,1.86,1.67,4.14,20.33,7.75
633,서초구,2259, 잠원역 3번-4번 출구사이 ,서울특별시 서초구 잠원로4길 지하 46,37.512989000000005,127.011177,1.43,9.67,4.57,27.0,18.75
634,서초구,2262, 한신16차아파트 119동 앞,서울특별시 서초구 나루터로4길 60,37.516597999999995,127.00958999999999,4.43,11.0,10.0,30.0,34.5
635,강남구,2301, 현대고등학교 건너편,서울특별시 강남구 압구정로 134,37.524071,127.02179,3.86,1.33,5.57,31.33,27.75
636,강남구,2302, 교보타워 버스정류장(신논현역 3번출구 후면),서울특별시 강남구 봉은사로 지하 102,37.505581,127.024277,3.14,2.33,6.0,22.33,19.0
637,강남구,2307, 압구정 한양 3차 아파트,서울특별시 강남구 압구정로 321,37.528614000000005,127.038559,2.29,2.0,5.29,13.67,9.5
638,강남구,2308, 압구정파출소 앞,서울특별시 강남구 압구정로 311,37.529301000000004,127.035599,3.43,1.67,3.86,23.67,14.5
639,강남구,2309, 청담역(우리들병원 앞),서울특별시 강남구 학동로 443,37.518902000000004,127.04938500000002,2.86,2.33,6.86,33.67,16.25
640,강남구,2317, 삼성도로공원,서울특별시 강남구 영동대로112길 66,37.515888000000004,127.0662,3.43,2.0,2.71,23.67,12.25
641,강남구,2321, 학여울역 사거리,서울특별시 강남구 남부순환로 지하 3104,37.496117,127.06944299999999,0.14,0.33,1.0,1.33,2.5
642,강남구,2324, 천주교 대치 2동 교회 옆,서울특별시 강남구 도곡로 540,37.500439,127.066223,0.43,1.67,2.71,14.67,10.5
643,강남구,2325, 대치동 버거킹대치점,서울특별시 강남구 도곡로 447,37.49865,127.05931899999999,2.0,2.0,3.29,9.0,10.0
644,강남구,2327, 뱅뱅사거리 랜드마크타워 앞,서울특별시 강남구 강남대로 308,37.490551,127.03146399999999,1.0,1.67,2.43,12.67,5.75
645,강남구,2330, 스타벅스 앞,서울특별시 강남구 도곡로 183,37.492199,127.03945900000001,2.43,8.33,1.86,16.67,10.25
646,강남구,2331, 동영문화센터앞,서울특별시 강남구 언주로 337,37.498051000000004,127.044601,2.29,5.67,4.86,17.33,10.0
647,강남구,2334, 8.삼호@ 2동 ( 간선도로),서울특별시 강남구 선릉로 지하 228,37.493759000000004,127.045898,1.71,1.67,2.29,9.33,4.75
648,강남구,2335, 3호선 매봉역 3번출구앞,서울특별시 강남구 남부순환로 2748,37.486767,127.046761,0.57,0.67,0.29,2.33,1.25
649,강남구,2337, 대모산입구역 2번출구 앞,서울특별시 강남구 영동대로 101,37.492077,127.071976,2.71,10.67,4.14,14.67,13.75
650,강남구,2340, 삼호물산버스정류장(23370) 옆,서울특별시 강남구 논현로 82,37.477509000000005,127.045174,0.71,0.67,0.57,5.67,2.5
651,강남구,2343, 세곡사거리 대왕파출소 앞,서울특별시 강남구 헌릉로 623,37.465317,127.107727,0.43,0.33,1.14,2.67,1.0
