,구분,대여소번호,17_대여소명,대여소 주소,거치대수,위도,경도,17년_대여건수,17년_반납건수,17년_회수율,17년_하루평균대여
0,마포구,101,(구)합정동 주민센터,서울특별시 마포구 동교로8길 58,5,37.549561,126.905754,1865,2128,2.63,10.3
1,마포구,102,망원역 1번출구 앞,서울특별시 마포구 월드컵로 72,20,37.556,126.910454,7492,6758,-7.34,41.39
2,마포구,103,망원역 2번출구 앞,서울특별시 마포구 월드컵로 79,14,37.554951,126.910835,5494,5399,-0.95,30.35
3,마포구,104,합정역 1번출구 앞,서울특별시 마포구 양화로 59,13,37.550629,126.91498600000001,6147,4876,-12.71,33.96
4,마포구,105,합정역 5번출구 앞,서울특별시 마포구 양화로 48,5,37.550007,126.914825,3920,3176,-7.44,21.66
5,마포구,106,합정역 7번출구 앞,서울특별시 마포구 독막로 4,10,37.548645,126.91282700000001,9710,9061,-6.49,53.65
6,마포구,107,신한은행 서교동금융센터점 앞,서울특별시 마포구 월드컵북로 35,5,37.55751,126.918503,6137,7451,13.14,33.91
7,마포구,108,서교동 사거리,서울특별시 마포구 양화로 93,10,37.552746,126.918617,4501,4163,-3.38,24.87
8,마포구,109,제일빌딩 앞,서울특별시 마포구 어울마당로 26,10,37.547691,126.919983,4814,4669,-1.45,26.6
9,서대문구,110,사천교,서울특별시 서대문구 홍제천로 11,20,37.568199,126.917847,1428,1254,-1.74,7.89
10,마포구,111,상수역 2번출구 앞,서울특별시 마포구 와우산로 40,10,37.547871,126.92353100000001,5891,5256,-6.35,32.55
11,마포구,112,극동방송국 앞,서울특별시 마포구 와우산로 56,10,37.549202,126.923203,6383,6686,3.03,35.27
12,마포구,113,홍대입구역 2번출구 앞,서울특별시 마포구 양화로 165,25,37.557499,126.923805,16305,19618,33.13,90.08
13,마포구,114,홍대입구역 8번출구 앞,서울특별시 마포구 양화로18길 3,15,37.55706,126.924423,7602,7443,-1.59,42.0
14,서대문구,115,사루비아 빌딩 앞,서울특별시 서대문구 연희로 6,15,37.558933,126.927116,5823,4657,-11.66,32.17
15,서대문구,116,일진아이윌아파트 옆,서울특별시 서대문구 동교로 290,5,37.564541,126.927071,4212,5297,10.85,23.27
16,서대문구,117,홍은사거리,서울특별시 서대문구 통일로 483,25,37.591159999999995,126.94133000000001,3485,4125,6.4,19.25
17,마포구,118,광흥창역 2번출구 앞,서울특별시 마포구 독막로 지하165,10,37.547733,126.93176299999999,5023,5131,1.08,27.75
18,마포구,119,서강나루 공원,서울특별시 마포구 창전로 30,10,37.545284,126.931053,4628,4876,2.48,25.57
19,마포구,120,신수동 사거리,서울특별시 마포구 토정로 211,5,37.545242,126.93411299999998,1953,2200,2.47,10.79
20,마포구,121,마포소방서 앞,서울특별시 마포구 창전로 76,15,37.549766999999996,126.933174,2176,2221,0.45,12.02
21,마포구,122,신성기사식당 앞,서울특별시 마포구 독막로 223-1,10,37.547249,126.93929299999999,4046,4226,1.8,22.35
22,서대문구,123,문화촌 공원,서울특별시 서대문구 홍제동 277-23,20,37.59433,126.94738799999999,1384,1300,-0.84,7.65
23,마포구,124,서강대 정문 건너편,서울특별시 마포구 서강로16길 72,20,37.551140000000004,126.93698899999998,6021,5036,-9.85,33.27
24,마포구,125,서강대 남문 옆,서울특별시 마포구 백범로 35,15,37.549484,126.93895,5800,6354,5.54,32.04
25,마포구,126,서강대 후문 옆,서울특별시 마포구 대흥로 122,20,37.550411,126.943848,6803,7035,2.32,37.59
26,마포구,127,현대벤처빌 앞,서울특별시 마포구 백범로 10,15,37.55352,126.93695100000001,2744,1483,-12.61,15.16
27,서대문구,128,신촌역(2호선) 1번출구 옆,서울특별시 서대문구 연세로 3-5,20,37.555496000000005,126.93633999999999,5763,5538,-2.25,31.84
28,마포구,129,신촌역(2호선) 6번출구 옆,서울특별시 마포구 신촌로 106,15,37.555054,126.937569,3503,3391,-1.12,19.35
29,마포구,130,신촌역(2호선) 7번출구 앞,서울특별시 마포구 신촌로 94,10,37.554859,126.93615700000001,4124,4911,7.87,22.78
30,서대문구,131,증산2교,서울특별시 서대문구 증가로 264,23,37.584171000000005,126.911102,2936,3524,5.88,16.22
31,서대문구,132,창천문화공원,서울특별시 서대문구 연세로5나길 19,15,37.556789,126.935883,4220,3774,-4.46,23.31
32,서대문구,133,해담는다리,서울특별시 서대문구 불광천길 150,15,37.582031,126.908997,2360,2757,3.97,13.04
33,서대문구,134,연세로 명물길,서울특별시 서대문구 명물길 33,8,37.557891999999995,126.93808,2377,2371,-0.06,13.13
34,마포구,136,대흥동 주민센터,서울특별시 마포구 신촌로26길 10,7,37.555690999999996,126.942451,1606,467,-11.39,8.87
35,서대문구,137,NH농협 신촌지점 앞,서울특별시 서대문구 연세로2다길 58,10,37.556812,126.943184,2173,1245,-9.28,12.01
36,서대문구,138,신촌동 제1공영주차장 앞,서울특별시 서대문구 증가로 264,10,37.559177000000005,126.934525,3269,2771,-4.98,18.06
37,서대문구,139,연세대 정문 건너편,서울특별시 서대문구 연세로 42,13,37.559795,126.93447900000001,2557,1489,-10.68,14.13
38,서대문구,140,이화여대 후문,서울특별시 서대문구 연세로 50-1,20,37.560009,126.940735,2538,2764,2.26,14.02
39,서대문구,141,연대 대운동장 옆,서울특별시 서대문구 연세로 50,20,37.562382,126.932648,3133,2512,-6.21,17.31
40,마포구,142,아현역 4번출구 앞,서울특별시 마포구 아현동 329-15,11,37.557201,126.955666,2812,2890,0.78,15.54
41,마포구,143,공덕역 2번출구,서울특별시 마포구 공덕동 257-88,9,37.544579,126.95021799999999,3759,4209,4.5,20.77
42,마포구,144,공덕역 8번출구,서울특별시 마포구 공덕동 438-5,10,37.543579,126.951324,7164,8860,16.96,39.58
43,마포구,145,공덕역 5번출구,서울특별시 마포구 공덕동 237-9,9,37.54425,126.951637,3246,3090,-1.56,17.93
44,마포구,146,마포역 1번출구 뒤,서울특별시 마포구 도화동 555-2,12,37.539936,126.945824,5904,6336,4.32,32.62
45,마포구,147,마포역 4번출구 뒤,서울특별시 마포구 도화동 292-29,7,37.539272,126.94591499999999,4536,5958,14.22,25.06
46,마포구,148,용강동 주민센터 앞,서울특별시 마포구 용강동 234-1,11,37.542347,126.943024,3346,3851,5.05,18.49
47,마포구,150,서강대역 2번출구 앞,서울특별시 마포구 노고산동 112-13,15,37.552956,126.93434099999999,4097,4304,2.07,22.64
48,마포구,151,망원1동주민센터,서울특별시 마포구 망원동 403-2,10,37.555687,126.905548,3387,4147,7.6,18.71
49,마포구,152,마포구민체육센터 앞,서울특별시 마포구 망원동 452-4,30,37.55661,126.898018,10120,12578,24.58,55.91
50,마포구,153,성산2교 사거리,서울특별시 마포구 성산동 54-17,12,37.564696999999995,126.912613,4965,5502,5.37,27.43
51,마포구,154,마포구청역 ,서울특별시 마포구 망원동 477-23,13,37.560909,126.905495,4877,5699,8.22,26.94
52,마포구,155,가좌역1 번출구 뒤,서울특별시 마포구 성산동123-29,15,37.56855,126.91451299999999,3440,3409,-0.31,19.01
53,마포구,156,서울서부지방법원 앞,서울특별시 마포구 공덕동 105-11,10,37.549904,126.955147,3372,4165,7.93,18.63
54,마포구,157,애오개역 4번출구 앞,서울특별시 마포구 아현동 607-1,12,37.553001,126.95668799999999,3666,4579,9.13,20.25
55,서대문구,158,독립문 어린이 공원,서울특별시 서대문구 영천동 259-1,15,37.571259000000005,126.96048,2960,2902,-0.58,16.35
56,서대문구,159,이대역 4번 출구,서울특별시 서대문구 대현동 60-11,7,37.556953,126.94634199999999,3298,1745,-15.53,18.22
57,서대문구,160,북아현동 가구거리,서울특별시 서대문구 북아현동 251-78,20,37.557549,126.95938100000001,2685,2397,-2.88,14.83
58,서대문구,161,무악재역1번 출구,서울특별시 서대문구 통일로 380-4,8,37.582245,126.950645,1250,1286,0.36,6.91
59,서대문구,162,봉원고가차도 밑,서울특별시 서대문구 대신동 143-1,15,37.565269,126.946243,4222,2471,-17.51,23.33
60,서대문구,163,명지전문대학교 정문 앞,서울특별시 서대문구 홍은동 산25-3,7,37.583698,126.92496499999999,2635,2337,-2.98,14.56
61,서대문구,164,북가좌1동 주민센터 ,서울특별시 서대문구 북가좌동 477-1,10,37.574478000000006,126.910049,1793,1343,-4.5,9.91
62,서대문구,165,중앙근린공원,서울특별시 서대문구 북가좌동 470-1,20,37.575138,126.91394,3301,2825,-4.76,18.24
63,서대문구,166,가재울 초등학교,서울특별시 서대문구 연희동 530,20,37.573277000000004,126.919678,4129,4419,2.9,22.81
64,서대문구,167,연가초등학교 옆,서울특별시 서대문구 북가좌동 70-119,15,37.57946,126.91713,1426,526,-9.0,7.88
65,서대문구,168,남가좌동 사거리,서울특별시 서대문구 남가좌동 185-21,20,37.574821,126.918053,1289,889,-4.0,7.12
66,서대문구,169,북가좌 삼거리,서울특별시 서대문구 북가좌동 400,15,37.573002,126.907799,1441,1188,-2.53,7.96
67,서대문구,170,가재울 뉴타운 주유소 옆,서울특별시 서대문구 남가좌동 124,10,37.573112,126.92244699999999,3190,3704,5.14,17.62
68,서대문구,172,서대문소방서,서울특별시 서대문구 연희로 182,8,37.573254,126.935722,2710,2296,-4.14,14.97
69,서대문구,173,서대문역 8번출구 앞,서울특별시 서대문구 충정로2가 138,8,37.564777,126.966148,3272,3314,0.42,18.08
70,서대문구,175,홍연2교옆,서울특별시 서대문구 홍은동 387-16,20,37.578072,126.93081699999999,5503,5640,1.37,30.4
71,서대문구,176,명지대학교 도서관,서울특별시 서대문구 거북골로 34,10,37.581097,126.924026,76,75,-0.01,0.42
72,서대문구,177,북가좌 초등학교,서울특별시 서대문구 거북골로19길 20,8,37.577675,126.909805,882,1007,1.25,4.87
73,서대문구,178,증산3교 앞,서울특별시 서대문구 북가좌동 352-9,10,37.579876,126.906349,1622,1603,-0.19,8.96
74,서대문구,179,가좌역 4번출구 앞,서울특별시 서대문구 남가좌동 293-3 ,15,37.569122,126.914795,4009,4116,1.07,22.15
75,서대문구,180,충정로역 7번출구 뒤,서울특별시 서대문구 충정로3가 56-1,10,37.559967,126.96246299999999,2944,2405,-5.39,16.27
76,마포구,181,망원초록길 입구,서울특별시 마포구 마포나루길 467,15,37.551342,126.902672,1144,1057,-0.87,6.32
77,마포구,182,망원2빗물펌프장 앞,서울특별시?마포구?동교로?7,10,37.551567,126.902847,4484,4707,2.23,24.77
78,마포구,183,하늘채코오롱아파트 건너편,서울특별시 마포구 연남로 30,15,37.565166,126.919395,7215,7385,1.7,39.86
79,마포구,184,SK망원동주유소 건너편,서울특별시 마포구 월드컵로 119?,9,37.558949,126.907753,3937,4304,3.67,21.75
80,마포구,185,마포 신수공원 앞,서울특별시 마포구 현석동 106-32,15,37.542545000000004,126.934296,4251,3771,-4.8,23.49
81,마포구,186,월드컵공원,서울특별시 마포구 하늘공원로 108-1,40,37.563965,126.89820900000001,7104,7609,5.05,39.25
82,서대문구,188,홍은동 정원여중 입구,서울특별시 서대문구 연희로37안길 51,10,37.586388,126.93512700000001,2221,2218,-0.03,12.27
83,서대문구,191,정명학원,서울특별시 서대문구 응암로 66,10,37.578891999999996,126.91073600000001,1585,1832,2.47,8.76
84,서대문구,192,연서어린이공원,서울특별시 서대문구 연희동 519-7,10,37.572227000000005,126.923065,1605,1550,-0.55,8.87
85,서대문구,194,증산교 앞,서울특별시 서대문구 불광천길 36,10,37.577315999999996,126.902969,4490,4583,0.93,24.81
86,서대문구,195,모래내고가차도 ,서울특별시 서대문구 연희동 446-76,10,37.567657000000004,126.917809,2677,1842,-8.35,14.79
87,서대문구,196,연희교차로 인근,서울특별시 서대문구 홍제천로 48,10,37.56612,126.925896,1941,1632,-3.09,10.72
88,서대문구,198,충정2교,서울특별시 서대문구 충정로3가 155-4,15,37.562138,126.963776,2312,1918,-3.94,12.77
89,마포구,199,서울 월드컵 경기장,서울특별시 마포구 성산동 515,30,37.566845,126.896446,3999,2801,-11.98,22.09
90,영등포구,200,국회의원회관,서울특별시 영등포구 의사당대로 1,20,37.528728,126.914925,1996,1775,-2.21,11.03
91,영등포구,201,진미파라곤 앞,서울특별시 영등포구 국회대로76길 10,15,37.531239,126.921333,4224,4086,-1.38,23.34
92,영등포구,202,국민일보 앞,서울특별시 영등포구 여의공원로 101,15,37.528816,126.92453,6418,7282,8.64,35.46
93,영등포구,203,국회의사당역 3번출구 옆,서울특별시 영등포구 국회대로 지하758,15,37.528057000000004,126.918701,4181,4037,-1.44,23.1
94,영등포구,204,국회의사당역 5번출구 옆,서울특별시 영등포구 의사당대로 8,13,37.528164000000004,126.917023,3051,2619,-4.32,16.86
95,영등포구,205,산업은행 앞,서울특별시 영등포구 의사당대로 97,20,37.526264000000005,126.92050900000001,4938,4593,-3.45,27.28
96,영등포구,206,KBS 앞,서울특별시 영등포구 여의공원로 13,20,37.524665999999996,126.918022,4867,4577,-2.9,26.89
97,영등포구,207,여의나루역 1번출구 앞,서울특별시 영등포구 여의동로 지하343,40,37.526989,126.932098,22845,22751,-0.94,126.22
98,영등포구,209,유진투자증권빌딩 앞,서울특별시 영등포구 국제금융로 24,12,37.524612,126.927834,4616,4779,1.63,25.5
99,영등포구,210,IFC몰,서울특별시 영등포구 국제금융로 10,12,37.526066,126.925537,6240,6918,6.78,34.48
100,영등포구,211,여의도역 4번출구 옆,서울특별시 영등포구 국회대로68길 7,13,37.522228000000005,126.924637,8140,7140,-10.0,44.97
101,영등포구,212,여의도역 1번출구 옆,서울특별시 영등포구 의사당대로 88,35,37.521361999999996,126.92346200000001,6302,3999,-23.03,34.82
102,영등포구,213,KT앞,서울특별시 영등포구 여의대로 38,15,37.521908,126.918953,5575,4463,-11.12,30.8
103,영등포구,214,금융감독원 앞,서울특별시 영등포구 여의대로 38,20,37.523022,126.920837,3441,2463,-9.78,19.01
104,영등포구,215,여의도고교 앞,서울특별시 영등포구 국제금융로7길 37,10,37.524837,126.93490600000001,3298,3467,1.69,18.22
105,영등포구,216,삼부아파트1동 앞,서울특별시 영등포구 국제금융로7길 27,10,37.523491,126.932899,4519,4262,-2.57,24.97
106,영등포구,217,NH농협은행 앞,서울특별시 영등포구 국제금융로8길 2,10,37.522079,126.93036699999999,3465,3588,1.23,19.14
107,영등포구,218,증권거래소 앞,서울특별시 영등포구 여의나루로 76,20,37.523277,126.92923700000001,2570,1844,-7.26,14.2
108,영등포구,219,롯데캐슬엠파이어 옆,서울특별시 영등포구 의사당대로 127,12,37.520695,126.925835,2859,2513,-3.46,15.8
109,영등포구,220,미성아파트 A동 앞,서울특별시 영등포구 의사당대로 110,30,37.519363,126.926048,1841,1500,-3.41,10.17
110,영등포구,221,여의도초교 앞,서울특별시 영등포구 여의대방로 439,10,37.522675,126.93778999999999,5146,5212,0.66,28.43
111,영등포구,222,시범아파트버스정류장 옆,서울특별시 영등포구 63로 45,12,37.520271,126.93888100000001,6590,7882,12.92,36.41
112,영등포구,223,진주아파트상가 앞,서울특별시 영등포구 국제금융로 108-6,20,37.519314,126.933167,4139,3949,-1.9,22.87
113,영등포구,224,롯데캐슬 앞,서울특별시 영등포구 국제금융로 86,20,37.520088,126.93236499999999,5185,4967,-2.18,28.65
114,영등포구,225,앙카라공원 앞,서울특별시 영등포구 의사당대로 지하166,26,37.517368,126.929253,3804,2717,-10.87,21.02
115,영등포구,226,샛강역 1번출구 앞,서울특별시 영등포구 의사당대로 지하166,20,37.517765000000004,126.92841299999999,3909,3014,-8.95,21.6
116,영등포구,227,양평2나들목 보행통로 입구,서울특별시 영등포구 양화동 17-4,10,37.544666,126.88835900000001,2212,2623,4.11,12.22
117,영등포구,228,선유도역 3번출구 앞,서울특별시 영등포구 양평동4가 202-1,10,37.53846,126.894508,5063,5099,0.36,27.97
118,영등포구,229,양평1 보행육교 앞,서울특별시 영등포구 양평동4가 20-4,20,37.535872999999995,126.89218100000001,3017,2817,-2.0,16.67
119,영등포구,230,영등포구청역 1번출구,서울특별시 영등포구 당산로 111-2,10,37.524634999999996,126.896217,6068,5597,-4.71,33.52
120,영등포구,231,남부고용노동지청 남측,서울특별시 영등포구 양평동1가 115-2,10,37.524506,126.891823,1310,1353,0.43,7.24
121,영등포구,232,양평우림 이비즈센타 앞,서울특별시 영등포구 양평동3가 14-1,20,37.52565,126.887817,4872,5006,1.34,26.92
122,영등포구,233,YP 센터 앞,서울특별시 영등포구 양평동3가 60-1,10,37.528488,126.89164699999999,521,488,-0.33,2.88
123,영등포구,234,영등포구민체육센터 앞,서울특별시 영등포구 신길동 399 ,10,37.500462,126.905846,935,982,0.47,5.17
124,영등포구,235,신길동 우리은행 옆,서울특별시 영등포구 신길동 250-4 ,10,37.504566,126.910233,1100,1305,2.05,6.08
125,영등포구,236,문래동자이아파트 앞,서울특별시 영등포구 문래동3가 68-1,10,37.516155,126.89461499999999,1878,1658,-2.2,10.38
126,영등포구,237,보라매 두산위브 건너편,서울특별시 영등포구 신길동 4490 ,20,37.496513,126.914803,2177,2630,4.53,12.03
127,영등포구,238,제2구민체육센타 앞,서울특별시 영등포구 당산동4가 96-2,10,37.526385999999995,126.90275600000001,4153,3895,-2.58,22.94
128,영등포구,239,유스호스텔 앞,서울특별시 영등포구 영등포동7가 58-2,20,37.525852,126.903282,3102,3204,1.02,17.14
129,영등포구,240,문래역 4번출구 앞,서울특별시 영등포구 문래동3가 55-12 ,10,37.518738,126.895576,2757,2553,-2.04,15.23
130,영등포구,241,신길우성1차아파트 앞 공원,서울특별시 영등포구 도림동 255-2 ,10,37.505328999999996,126.89848300000001,1466,1471,0.05,8.1
131,영등포구,242,신길선원가와인아파트 앞,서울특별시 영등포구 신길동 215-28 ,15,37.510933,126.910225,1971,2007,0.36,10.89
132,영등포구,243,이앤씨드림타워 앞,서울특별시 영등포구 양평동3가 48-1,15,37.527084,126.89138,2270,2229,-0.41,12.54
133,영등포구,244,영등포삼환아파트 앞,서울특별시 영등포구 영등포동8가 82-4 ,20,37.530079,126.905708,4991,5792,8.01,27.57
134,영등포구,245,삼성생명 당산사옥 앞,서울특별시 영등포구 당산동4가 35-24 ,10,37.528263,126.896629,3461,3502,0.41,19.12
135,영등포구,247,당산역 10번출구 앞,서울특별시 영등포구 당산동5가 14-4,19,37.533688,126.902107,8478,8348,-1.3,46.84
136,영등포구,248,초원아파트 앞,서울특별시 영등포구 여의도동8-13,10,37.531055,126.92421000000002,4685,5069,3.84,25.88
137,영등포구,249,여의도중학교 옆,서울특별시 영등포구 여의도동 8,8,37.52412,126.93654599999999,3130,3794,6.64,17.29
138,영등포구,250,대림아파트 사거리,서울특별시 영등포구 신길동 249,10,37.507641,126.92308,1276,1274,-0.02,7.05
139,영등포구,251,서울지방병무청 버스정류장,서울특별시 영등포구 신길동853,10,37.504494,126.921951,1318,1200,-1.18,7.28
140,영등포구,252,보라매역4번출구,서울특별시 영등포구 신길동4884,10,37.499977,126.92003600000001,2835,3008,1.73,15.66
141,영등포구,253,신풍역 5번출구 인근,서울특별시 영등포구 신길동3596,10,37.500648,126.90951499999998,2166,1860,-3.06,11.97
142,영등포구,254,도림신협 앞,서울특별시 영등포구 신길동263-76,10,37.503803000000005,126.903419,642,768,1.26,3.55
143,영등포구,255,도림4거리,서울특별시 영등포구 신길동373-1,10,37.506572999999996,126.901131,1066,1496,4.3,5.89
144,영등포구,256,동아에코빌입구,서울특별시 영등포구 도림동 159-70,10,37.509476,126.8993,1408,1417,0.09,7.78
145,영등포구,257,신길삼거리(우리은행),서울특별시 영등포구 신길동95-256,10,37.513844,126.919357,3199,3873,6.74,17.67
146,영등포구,258,신길역3번출구,서울특별시 영등포구 영등포동1가35,14,37.517693,126.914299,3474,3726,2.52,19.19
147,영등포구,259,대방역6번출구,서울특별시 영등포구 신길동1368,17,37.513591999999996,126.92593400000001,6925,7448,5.23,38.26
148,영등포구,262,영문초등학교 사거리,서울특별시 영등포구 문래로 56,12,37.519928,126.889183,3134,3514,3.8,17.31
149,영등포구,263,근로자회관 사거리,서울특별시 영등포구 선유로 34,12,37.517151,126.888626,2391,2346,-0.45,13.21
150,영등포구,264,교보생명보험 앞,서울특별시 영등포구 영등포로 96,15,37.521931,126.891617,1845,2022,1.77,10.19
151,영등포구,265,영등포유통상가 사거리,서울특별시 영등포구 영등포로 124,15,37.521133,126.89653799999999,1489,1182,-3.07,8.23
152,영등포구,266,영등포청과시장 사거리,서울특별시 영등포구 영등포로 177,10,37.520447,126.90109299999999,4301,4476,1.75,23.76
153,영등포구,267,삼성화재 사옥 옆,서울특별시 영등포구 양평로 76,10,37.535961,126.8983,2662,2463,-1.99,14.71
154,영등포구,268,그랜드컨벤션센터 앞,서울특별시 영등포구 양평로 58,10,37.534718,126.900002,2875,2728,-1.47,15.88
155,영등포구,270,증권거래소후문교차로,서울특별시 영등포구 여의나루로 76,10,37.522343,126.92710100000001,1463,918,-5.45,8.08
156,영등포구,271,샛강생태공원방문자센터 앞,서울특별시 영등포구 여의동로 48,10,37.518963,126.92161599999999,1958,1516,-4.42,10.82
157,영등포구,272,당산육갑문,서울특별시 영등포구 당산로52길 3,20,37.535339,126.903679,6235,6252,0.17,34.45
158,중구,300,정동사거리,서울특별시 중구 정동길 2-1,7,37.56805,126.96923100000001,5038,4184,-8.54,27.83
159,종로구,301,경복궁역 7번출구 앞,서울특별시 종로구 사직로 지하130,16,37.575794,126.971451,3774,3151,-6.23,20.85
160,종로구,302,경복궁역 4번출구 뒤,서울특별시 종로구 사직로 지하130,12,37.575947,126.97406000000001,5907,5909,0.02,32.64
161,종로구,303,광화문역 1번출구 앞,서울특별시 종로구 세종대로 지하189,8,37.571732,126.97492199999999,5246,4457,-7.89,28.98
162,종로구,304,광화문역 2번출구 앞,서울특별시 종로구 세종대로 지하172,7,37.572487,126.977501,3691,3288,-4.03,20.39
163,종로구,305,종로구청 옆,서울특별시 종로구 삼봉로 43,16,37.572582000000004,126.97835500000001,4111,4808,6.97,22.71
164,종로구,306,광화문역 7번출구 앞,서울특별시 종로구 세종대로 지하172,9,37.570808,126.97643300000001,2861,2416,-4.45,15.81
165,종로구,307,서울역사박물관 앞,서울특별시 종로구 새문안로 55,11,37.57,126.9711,3868,3348,-5.2,21.37
166,종로구,308,광화문 S타워 앞,서울특별시 종로구 새문안로 82,10,37.569969,126.97393799999999,2474,2326,-1.48,13.67
167,종로구,309,광화문역 6번출구 옆,서울특별시 종로구 세종대로 지하172,13,37.569889,126.976456,3629,2964,-6.65,20.05
168,중구,310,청계광장 옆,서울특별시 중구 세종대로 136,10,37.568878000000005,126.97747,3063,2477,-5.86,16.92
169,중구,311,서울광장 옆,서울특별시 중구 세종대로 지하 101,35,37.566612,126.97747,6739,5448,-12.91,37.23
170,중구,312,시청역 1번출구 뒤,서울특별시 중구 세종대로 지하101,7,37.564674,126.97673799999998,5183,5011,-1.72,28.64
171,중구,313,서울역 광장 파출소 옆,서울특별시 중구 통일로 13,5,37.556961,126.97177099999999,2462,2934,4.72,13.6
172,종로구,314,국립현대미술관,서울특별시 종로구 삼청로 30,10,37.579708000000004,126.98085800000001,5054,5015,-0.39,27.92
173,종로구,316,종각역 1번출구 앞,서울특별시 종로구 종로 47,12,37.570396,126.98178899999999,6040,5587,-4.53,33.37
174,중구,318,광교사거리 남측,서울특별시 중구 청계천로 30,10,37.568527,126.982552,2598,2298,-3.0,14.35
175,중구,320,을지로입구역 4번출구 앞,서울특별시 중구 을지로 55,20,37.566223,126.983589,3899,3826,-0.73,21.54
176,중구,321,KEB 하나은행 본점 앞,서울특별시 중구 을지로 66,15,37.565464,126.98413799999999,3731,3310,-4.21,20.61
177,중구,322,명동성당 앞,서울특별시 중구 명동길 74,15,37.564476,126.98696899999999,2814,1790,-10.24,15.55
178,중구,324,신세계백화점 본점 앞,서울특별시 중구 퇴계로 77,10,37.56134,126.9804,3732,3692,-0.4,20.62
179,종로구,326,안국역 5번출구 앞,서울특별시 종로구 율곡로 지하62,20,37.576240999999996,126.98616000000001,5348,4031,-13.17,29.55
180,종로구,327,낙원상가 옆,서울특별시 종로구 삼일대로 428,10,37.573357,126.98746499999999,4162,4148,-0.14,22.99
181,종로구,328,탑골공원 앞,서울특별시 종로구 종로 99,11,37.570396,126.98818999999999,5917,5009,-9.08,32.69
182,종로구,329,청계2가 사거리 옆,서울특별시 종로구 청계천로 93,8,37.568344,126.98789199999999,4938,5134,1.96,27.28
183,중구,330,청계천 한빛광장,서울특별시 중구 남대문로10길 33,10,37.568165,126.984978,2968,2912,-0.56,16.4
184,중구,331,을지로2가 사거리 북측,서울특별시 중구 을지로 79,10,37.566383,126.987206,2736,2630,-1.06,15.12
185,중구,332,을지로2가 사거리 남측,서울특별시 중구 을지로 100,5,37.56599,126.987793,2659,2086,-5.73,14.69
186,종로구,334,종로3가역 2번출구 뒤,서울특별시 종로구 종로 지하129,10,37.570599,126.99179099999999,5758,5663,-0.95,31.81
187,종로구,335,종로3가역 15번출구 앞,서울특별시 종로구 종로 지하129,10,37.570198,126.991257,3844,3569,-2.75,21.24
188,중구,336,티마크 호텔 앞,서울특별시 중구 충무로 15,10,37.562618,126.99283600000001,4500,4039,-4.61,24.86
189,종로구,337,창경궁 입구,서울특별시 종로구 창경궁로 185,5,37.578979,126.996475,2098,1858,-2.4,11.59
190,종로구,338,세운스퀘어 앞,서울특별시 종로구 창경궁로 109,18,37.570957,126.997124,5522,6190,6.68,30.51
191,종로구,339,종로4가 사거리,서울특별시 종로구 종로 185,10,37.571068,126.99819199999999,6297,5870,-4.27,34.79
192,종로구,340,혜화동 로터리,서울특별시 종로구 창경궁로 271-1,8,37.585629,127.000679,5429,5822,3.93,29.99
193,종로구,341,혜화역 3번출구 뒤,서울특별시 종로구 대학로 지하120,10,37.58157,127.00178500000001,4740,3934,-8.06,26.19
194,종로구,342,대학로 마로니에공원,서울특별시 종로구 대학로 104,10,37.579784000000004,127.00253300000001,6203,6769,5.66,34.27
195,종로구,343,예일빌딩(율곡로) 앞,서울특별시 종로구 율곡로 238,12,37.575432,127.00498200000001,2262,2081,-1.81,12.5
196,종로구,344,성균관대 E하우스 앞,서울특별시 종로구 율곡로 259,10,37.574036,127.006721,4538,4873,3.35,25.07
197,종로구,345,서울보증보험본사 앞,서울특별시 종로구 김상옥로 29,15,37.573307,127.00071000000001,3278,3854,5.76,18.11
198,중구,346,맥스타일 앞,서울특별시 중구 마장로 3,10,37.569183,127.00988000000001,5807,6341,5.34,32.08
199,중구,347,동대문역사문화공원역 9번출구 앞,서울특별시 중구 장충단로 지하230,18,37.565331,127.007843,4701,4545,-1.56,25.97
200,종로구,348,독립문역 사거리,서울특별시 종로구 교북동 10-1,14,37.572029,126.96078500000002,1614,1614,0.0,8.92
201,종로구,349,사직동주민센터,서울특별시 종로구 사직로9길 5,7,37.576332,126.96858999999999,3438,2762,-6.76,18.99
202,종로구,351,청운초교 앞 삼거리,서울특별시 종로구 청운동 108-22,8,37.585079,126.970619,3961,4070,1.09,21.88
203,종로구,352,중앙고입구 삼거리,서울특별시 종로구 창덕궁길 191,15,37.583416,126.98523700000001,1931,858,-10.73,10.67
204,종로구,353,재동초교 앞 삼거리,서울특별시 종로구 재동 19,8,37.579388,126.98494699999999,2742,2594,-1.48,15.15
205,종로구,354,포르투갈 대사관 앞,서울특별시 종로구 창덕궁1길 3,10,37.579155,126.98896,4122,3280,-8.42,22.77
206,종로구,355,서울사대부속초교 앞,서울특별시 종로구 연건동 178-3,15,37.576508000000004,127.002457,3727,3735,0.08,20.59
207,종로구,356,KT혜화지사 앞,서울특별시 종로구 대학로 65,15,37.577145,127.00206000000001,4206,3732,-4.74,23.24
208,종로구,358,성대입구 사거리,서울특별시 종로구 창경궁로 234,13,37.5825,126.998535,8973,9186,2.13,49.57
209,종로구,359,원남동사거리,서울특별시 종로구 율곡로 169,8,37.576060999999996,126.997681,4342,4357,0.15,23.99
210,종로구,361,동묘앞역 1번출구 뒤,서울특별시 종로구 숭인동 81-39,10,37.573242,127.01590700000001,4292,4832,5.4,23.71
211,종로구,362,청계8가 사거리,서울특별시 종로구 청계천로 407,10,37.572224,127.022705,3206,2999,-2.07,17.71
212,종로구,363,신설동역 11번출구 뒤,서울특별시 종로구 숭인동 1311,10,37.575759999999995,127.02283500000001,2402,2640,2.38,13.27
213,종로구,364,창신역 1번출구 앞,서울특별시 종로구 지봉로 87,8,37.579334,127.015083,2359,1851,-5.08,13.03
214,종로구,367,독립문역 3-1번출구 ,서울특별시 종로구 무악동 41-7,8,37.573848999999996,126.958694,2373,2307,-0.66,13.11
215,종로구,368,SK 서린빌딩 앞,서울특별시 종로구 서린동 93-2,12,37.569247999999995,126.98053700000001,2933,2990,0.57,16.2
216,종로구,369,광화문 시민열린마당,서울특별시 종로구 세종로 76-5,20,37.575493,126.9785,3639,3044,-5.95,20.1
217,중구,370,시청역(2호선) 9번출구 뒤,서울특별시 중구 서소문로 지하127,8,37.563229,126.97483799999999,2816,2374,-4.42,15.56
218,중구,371,동대입구역 6번출구 뒤,서울특별시 중구 동호로 지하256,10,37.558871999999994,127.00553899999998,2746,2679,-0.67,15.17
219,중구,372,약수역 3번출구 뒤,서울특별시 중구 다산로 지하122,10,37.554295,127.0112,1602,1618,0.16,8.85
220,중구,373,청구 어린이공원,서울특별시 중구 다산로14길 41,8,37.555859000000005,127.013855,383,324,-0.59,2.12
221,중구,374,청구역 2번출구 앞,서울특별시 중구 청구로 지하77,10,37.560474,127.014076,1796,1975,1.79,9.92
222,중구,375,다산 어린이공원,서울특별시 중구 다산로40길 37,8,37.563717,127.018425,2107,2356,2.49,11.64
223,중구,377,서울역 4번출구 앞,서울특별시 중구 세종대로 지하2,10,37.557217,126.97300700000001,1450,1484,0.34,8.01
224,중구,378,청계7가 사거리,서울특별시 중구 다산로 지하260,10,37.569805,127.016953,3579,3414,-1.65,19.77
225,중구,379,서울역9번출구,서울특별시 중구 세종대로 지하2,7,37.556,126.973358,1794,1559,-2.35,9.91
226,중구,380,CJ제일제당 앞,서울특별시 중구 동호로 330,8,37.563866,127.002747,2601,2332,-2.69,14.37
227,중구,381,장충체육관,서울특별시 중구 장충동2가 200-99,10,37.558533000000004,127.00698899999999,820,294,-5.26,4.53
228,중구,382,약수역 10번출구 앞,서울특별시 중구 신당동 357-1,7,37.555199,127.010048,1326,1527,2.01,7.33
229,중구,383,신당역 12번 출구 뒤,서울특별시 중구 신당동 99,17,37.565849,127.016403,4639,4535,-1.04,25.63
230,중구,384,종로학원본원 ,서울특별시 중구 청파로 456,10,37.559779999999996,126.968506,1655,1587,-0.68,9.14
231,종로구,385,종각역 5번출구,서울특별시 종로구 서린동 26-1,10,37.569835999999995,126.982658,4832,4727,-1.05,26.7
232,종로구,386,올림픽기념 국민생활관 앞,서울특별시 종로구 성균관로 91,10,37.590233000000005,126.99852,3233,2525,-7.08,17.86
233,중구,387,훈련원공원주차장 앞,서울특별시 중구 을지로 227,10,37.566994,127.003464,2001,1807,-1.94,11.06
234,종로구,388,동성중학교 앞,서울특별시 종로구 혜화동 56,10,37.585735,127.00161000000001,3350,3494,1.44,18.51
235,마포구,400,상암한화오벨리스크 1차 앞,서울특별시 마포구 구룡길 19,15,37.587524,126.883003,2589,2595,0.06,14.3
236,마포구,401,상암월드컵파크 10단지 앞,서울특별시 마포구 월드컵북로 502-36,15,37.586189000000005,126.881615,2133,2226,0.93,11.78
237,마포구,402,상암월드컵파크 9단지 앞,서울특별시 마포구 월드컵북로 501,20,37.582855,126.87982199999999,3113,3302,1.89,17.2
238,마포구,403,부엉이공원 앞,서울특별시 마포구 가양대로 189,20,37.58559,126.884727,2431,1241,-11.9,13.43
239,마포구,405,DMC빌 앞,서울특별시 마포구 월드컵북로60길 13,8,37.582657,126.88578799999999,2012,2414,4.02,11.12
240,마포구,406,상암월드컵파크 7단지 앞,서울특별시 마포구 상암산로1길 92,15,37.581314,126.88058500000001,1853,1487,-3.66,10.24
241,마포구,407,마포구 육아종합지원센터,서울특별시 마포구 상암산로1길 71,8,37.580631,126.883675,2194,2067,-1.27,12.12
242,마포구,408,LG CNS앞,서울특별시 마포구 월드컵북로 424,20,37.580811,126.88665,3562,3695,1.33,19.68
243,마포구,409,누리꿈스퀘어 옆,서울특별시 마포구 월드컵북로 396,25,37.579399,126.88916,7014,7252,2.38,38.75
244,마포구,410,상암중학교 옆,서울특별시 마포구 상암산로1길 26,10,37.577496000000004,126.887772,1345,1023,-3.22,7.43
245,마포구,411,DMC홍보관,서울특별시 마포구 월드컵북로 366,9,37.577995,126.891472,3485,3593,1.08,19.25
246,마포구,412,DMC산학협력연구센터 앞,서울특별시 마포구 매봉산로 37,20,37.575802,126.890739,5191,5370,1.79,28.68
247,마포구,413,상암월드컵파크 3단지 후문,서울특별시 마포구 매봉산로 8,9,37.571476000000004,126.88968700000001,2693,2110,-5.83,14.88
248,마포구,414,상암동주민센터 옆,서울특별시 마포구 매봉산로2길 16,8,37.57822,126.89447,2786,2798,0.12,15.39
249,마포구,415,DMC역 9번출구 앞,서울특별시 마포구 성암로 지하184,10,37.577469,126.89736200000002,6781,5689,-10.92,37.46
250,마포구,416,상암월드컵파크 1단지 교차로,서울특별시 마포구 월드컵북로 502-7,12,37.575665,126.894447,3259,1704,-15.55,18.01
251,마포구,417,DMC역 2번출구 옆,서울특별시 은평구 수색로 지하175,20,37.575069,126.899918,5237,4330,-9.07,28.93
252,마포구,418,월드컵경기장역 3번출구 옆,서울특별시 마포구 월드컵로 지하240,10,37.570721,126.898979,6970,6989,0.19,38.51
253,마포구,419,홈플러스 앞,서울특별시 마포구 월드컵로 240,21,37.56842,126.899429,9125,7893,-12.32,50.41
254,마포구,420,서울시 공공자전거 상암센터,서울특별시 마포구 월드컵북로47길 10,40,37.566246,126.896179,2983,3004,0.21,16.48
255,마포구,421,마포구청 앞,서울특별시 마포구 월드컵로 212,8,37.565903000000006,126.90118400000001,7419,7956,5.37,40.99
256,광진구,500,어린이대공원역 3번출구 앞,서울특별시 광진구 능동로 지하210,10,37.54707,127.074272,6385,5943,-4.42,35.28
257,광진구,501,광진구의회 앞,서울특별시 광진구 능동로 76,15,37.537308,127.070351,7574,7904,3.3,41.85
258,광진구,502,뚝섬유원지역 1번출구 앞,서울특별시 광진구 능동로 10,15,37.531859999999995,127.06719199999999,16420,18737,23.17,90.72
259,광진구,503,더샵스타시티 C동 앞,서울특별시 광진구 아차산로 262,15,37.536667,127.07359299999999,4193,4047,-1.46,23.17
260,광진구,504,신자초교입구교차로,서울특별시 광진구 뚝섬로 596,5,37.53297,127.07593500000002,3180,3596,4.16,17.57
261,광진구,505,자양사거리 광진아크로텔 앞,서울특별시 광진구 아차산로 355,10,37.537009999999995,127.082245,5103,5113,0.1,28.19
262,성동구,506,금호 어울림 아파트 앞,서울특별시 성동구 광나루로 249,7,37.549061,127.05779299999999,1276,1230,-0.46,7.05
263,성동구,507,성수아이에스비즈타워 앞,서울특별시 성동구 성수이로 147,7,37.548203,127.05711399999998,1940,2072,1.32,10.72
264,성동구,508,성수아카데미타워 앞,서울특별시 성동구 성수이로 118,10,37.545165999999995,127.05751000000001,2497,2024,-4.73,13.8
265,성동구,509,이마트 버스정류소 옆,서울특별시 성동구 뚝섬로 379,20,37.539654,127.05258899999998,5077,4935,-1.42,28.05
266,성동구,510,서울숲 남문 버스정류소 옆,서울특별시 성동구 왕십리로11길 9,10,37.541222,127.0438,3308,3625,3.17,18.28
267,성동구,511,서울숲역 4번 출구 옆,서울특별시 성동구 왕십리로 지하77,16,37.544582,127.04460900000001,8416,8705,2.89,46.5
268,성동구,512,뚝섬역 1번 출구 옆,서울특별시 성동구 아차산로 18,15,37.548561,127.045006,5630,5397,-2.33,31.1
269,성동구,513,뚝섬역 5번 출구 정류소 옆,서울특별시 성동구 아차산로 18,8,37.546307,127.049805,3297,3592,2.95,18.22
270,성동구,514,성수사거리 버스정류장 앞,서울특별시 성동구 아차산로 171,7,37.54258,127.063309,4283,4478,1.95,23.66
271,광진구,515,광양중학교 앞,서울특별시 광진구 자양로3길 7,10,37.530235,127.08683,1922,1958,0.36,10.62
272,광진구,516,광진메디칼 앞,서울특별시 광진구 광나루로 355,10,37.548404999999995,127.06936599999999,3455,3381,-0.74,19.09
273,성동구,518,청계천 박물관 앞,서울특별시 성동구 마장동 610,20,37.571526,127.03535500000001,1522,1637,1.15,8.41
274,성동구,519,양지사거리,서울특별시 성동구 홍익동 590,20,37.566994,127.02991499999999,2579,2111,-4.68,14.25
275,성동구,520,상왕십리역 4번 출구 앞,서울특별시 성동구 하왕십리동 960-3,10,37.563858,127.03031899999999,3036,2298,-7.38,16.77
276,성동구,521,왕십리역 11번 출구 앞,서울특별시 성동구 행당동 188-9,14,37.561446999999994,127.03492,4102,3958,-1.44,22.66
277,성동구,522,금호역 1번출구 앞,서울특별시 성동구 금호동3가 1575-3,9,37.548640999999996,127.016426,618,699,0.81,3.41
278,성동구,523,옥수동성당 옆,서울특별시 성동구 옥수동 산5-148,11,37.543663,127.01406100000001,419,146,-2.73,2.31
279,성동구,524,래미안금호하이리버 아파트 102동 옆,서울특별시 성동구 금호동2가 1220-1,10,37.5522,127.02505500000001,879,662,-2.17,4.86
280,성동구,525,한양대병원사거리,서울특별시 성동구 행당동 20-2,20,37.558052,127.040352,7367,7002,-3.65,40.7
281,성동구,526,용답토속공원 앞,서울특별시 성동구 용답동 224-1,10,37.563511,127.056725,2014,2223,2.09,11.13
282,성동구,529,장한평역 8번 출구 앞,서울특별시 성동구 용답동 224-3,15,37.561371,127.06366000000001,3526,3380,-1.46,19.48
283,성동구,530,청계벽산아파트 앞,서울특별시 성동구 하왕십리동 286-24,9,37.568748,127.030403,1905,1996,0.91,10.52
284,성동구,533,우리은행 금호동 지점 앞,서울특별시 성동구 금호동4가 1101,7,37.548149,127.02108799999999,736,1044,3.08,4.07
285,성동구,534,금호사거리,서울특별시 성동구 금호동2가 1205-1,20,37.548634,127.025726,1077,1105,0.28,5.95
286,성동구,535,응봉삼거리,서울특별시 성동구 응봉동 134-26,16,37.553986,127.033592,2313,1956,-3.57,12.78
287,성동구,536,행당역 2번출구 앞,서울특별시 성동구 행당동 347-11,8,37.55735,127.02921299999998,2133,2314,1.81,11.78
288,성동구,537,한양대후문역 부근,서울특별시 성동구 행당동 10,10,37.560356,127.041397,4017,3943,-0.74,22.19
289,성동구,538,답십리역 8번출구 앞,서울특별시 성동구 용답동 102-1,15,37.56765,127.05115500000001,2434,2753,3.19,13.45
290,광진구,539,군자교교차로,서울특별시 광진구 중곡동 263-1,10,37.559795,127.074203,2485,2646,1.61,13.73
291,광진구,540,군자역 7번출구 베스트샵 앞,서울특별시 광진구 군자동 499,8,37.55603,127.078644,7382,8251,8.69,40.78
292,광진구,542,강변역 4번출구 뒤,서울특별시 광진구 구의동 546-6,19,37.535465,127.09448200000001,2147,2230,0.83,11.86
293,광진구,543,구의공원(테크노마트 앞),서울특별시 광진구 구의동 546-3,20,37.535969,127.094673,2056,1710,-3.46,11.36
294,광진구,544,광남중학교,서울특별시 광진구 광장동 561-15,20,37.540729999999996,127.102905,1713,1827,1.14,9.46
295,광진구,546,잠실대교북단 교차로,서울특별시 광진구 자양동 722,8,37.532478000000005,127.08509099999999,1919,1885,-0.34,10.6
296,광진구,548,자양나들목,서울특별시 광진구 자양동 738,20,37.52977,127.07486000000002,3812,3888,0.76,21.06
297,광진구,549,아차산역 3번출구,서울특별시 광진구 구의동 96,10,37.551224,127.089706,2890,3062,1.72,15.97
298,성동구,550,서울시설공단 앞,서울특별시 성동구 마장동 610 ,15,37.57164,127.03566000000001,2281,2330,0.49,12.6
299,광진구,551,구의삼성쉐르빌 앞,서울특별시 광진구 구의강변로 106,10,37.540062,127.094498,2784,3027,2.43,15.38
300,광진구,552,대림아크로리버 앞,서울특별시 광진구 구의강변로 64,10,37.536578999999996,127.092972,901,879,-0.22,4.98
301,광진구,553,중곡 성원APT 앞,서울특별시 광진구 동일로 459,10,37.571255,127.079803,1924,2039,1.15,10.63
302,광진구,555,구의3동주민센터,서울특별시 광진구 강변역로 17,10,37.537849,127.092171,812,810,-0.02,4.49
303,성동구,556,달맞이공원,서울특별시 성동구 금호동4가 367-1,20,37.542053,127.020401,989,999,0.1,5.46
304,성동구,557,도선동 주민센터 앞,서울특별시 성동구 무학로10길 6,10,37.567642,127.025696,2310,2574,2.64,12.76
305,성동구,558,성동광진 교육지원청 앞,서울특별시 성동구 고산자로 260,20,37.564606,127.03652199999999,3080,2790,-2.9,17.02
306,성동구,559,왕십리역 4번 출구 건너편,서울특별시 성동구 왕십리광장로 10-1,10,37.561096,127.03679699999999,4304,4203,-1.01,23.78
307,성동구,560,비전교회 앞,서울특별시 성동구 동일로 213,8,37.551204999999996,127.068932,2444,2436,-0.08,13.5
308,성동구,561,서울숲역 2번출구 앞,서울특별시 성동구 왕십리로 64,10,37.542815999999995,127.04467,3988,3755,-2.33,22.03
309,성동구,562,군자지하보도 앞,서울특별시 성동구 동일로 313,10,37.559246,127.07341000000001,2273,2047,-2.26,12.56
310,성동구,563,성동세무서 건너편,서울특별시 성동구 광나루로 302,10,37.547913,127.062752,3224,4350,11.26,17.81
311,성동구,564,금호역 3번출구,서울특별시 성동구 동호로 99,15,37.547928000000006,127.01557199999999,268,241,-0.27,1.48
312,성동구,565,옥수역 3번출구,서울특별시 성동구 한림말길 56,20,37.541363,127.01766200000002,6298,7277,9.79,34.8
313,성동구,567,성수역 2번출구 앞,서울특별시 성동구 아차산로 113,15,37.54459,127.057083,5620,4454,-11.66,31.05
314,성동구,568,청계8가사거리 부근,서울특별시 동대문구 청계천로 417,10,37.571102,127.02356,5044,5239,1.95,27.87
315,성동구,569,응봉현대아파트 정류소,서울특별시 성동구 독서당로 381,10,37.549583,127.030243,1183,883,-3.0,6.54
316,광진구,571,어린이대공원역6번출구,서울특별시 광진구 군자로 74,20,37.548496,127.07476000000001,4645,4202,-4.43,25.66
317,광진구,572,국립정신 건강센터 앞,서울특별시 광진구 능동로 398,20,37.565536,127.0867,1696,1660,-0.36,9.37
318,광진구,573,구의문주차장 앞,서울특별시 광진구 능동로 216,10,37.545231,127.084732,4681,4481,-2.0,25.86
319,광진구,574,아차산역4번출구,서울특별시 광진구 능동로 216,20,37.551849,127.088982,3378,2612,-7.66,18.66
320,광진구,575,중앙농협 중곡지점,서울특별시 광진구 용마산로 120,10,37.564293,127.086937,646,695,0.49,3.57
321,광진구,576,광나루역 3번 출구,서울특별시 광진구 아차산로 552,10,37.54483,127.10426299999999,1605,1583,-0.22,8.87
322,광진구,577,광진청소년수련관,서울특별시 광진구 구천면로 2,10,37.546547,127.10613300000001,2747,2962,2.15,15.18
323,성동구,578,성동세무서 부근,서울특별시 성동구 광나루로 303-1,8,37.548286,127.06208799999999,2660,2753,0.93,14.7
324,성동구,579,마장역 4번출구,서울특별시 성동구 마장로 292-1,8,37.565205,127.041847,3095,2625,-4.7,17.1
325,성동구,580,신금호역 3번출구 뒤,서울특별시 성동구 무수막길 97,6,37.554390000000005,127.020149,730,239,-4.91,4.03
326,성동구,581,용답초등학교,서울특별시 성동구 용답25길 1,13,37.561012,127.05423700000001,1666,2083,4.17,9.2
327,성동구,582,경일중학교 앞,서울특별시 성동구 성수일로 27,10,37.543178999999995,127.04908,1855,1439,-4.16,10.25
328,성동구,583,청계천 생태교실 앞,서울특별시 성동구 마장로39길 51,20,37.56797,127.04688999999999,6140,6651,5.11,33.92
329,광진구,584,광진광장 교통섬,서울특별시 광진구 군자동 374-8,20,37.547829,127.07263200000001,4727,3358,-13.69,26.12
330,성동구,585,성수2가1동 공영주차장 인근,서울특별시 성동구 성수동2가 569-3,9,37.536808,127.055489,2269,2333,0.64,12.54
331,성동구,586,마장동 주민센터,서울특별시 성동구 마장로42길 14,10,37.565940999999995,127.045395,1671,1873,2.02,9.23
332,성동구,587,KEB하나은행 성수중앙지점,서울특별시 성동구 성수동2가 276-5,10,37.545418,127.05264299999999,2218,1836,-3.82,12.25
333,광진구,588,뚝섬 유원지역,서울특별시 광진구 능동로 10,15,37.532688,127.067497,2944,2688,-2.56,16.27
334,동대문구,600,휘경2동 주민센터,서울특별시 동대문구 한천로 329,10,37.589912,127.06868,2223,2486,2.63,12.28
335,동대문구,601,용신동주민센터,서울특별시 동대문구 용두동 65-25,10,37.575947,127.037361,1536,1547,0.11,8.49
336,동대문구,602,장안동 사거리,서울특별시 동대문구 장한로 25길 2,10,37.572174,127.07138799999998,3906,4906,10.0,21.58
337,동대문구,604,답십리초등학교 옆 공원,서울특별시 동대문구 전농로3길 23,15,37.569656,127.05596200000001,1132,1335,2.03,6.25
338,동대문구,605,신설동역8번출구,서울특별시 동대문구 천호대로 26,8,37.5742,127.02649699999999,1610,1718,1.08,8.9
339,동대문구,606,휘경공고앞,서울특별시 동대문구 겸재로 21,6,37.584625,127.07028999999999,772,1077,3.05,4.27
340,동대문구,607,신이문역 2번출구,서울특별시 동대문구 이문동186-1,10,37.602711,127.06786299999999,1573,1918,3.45,8.69
341,동대문구,608,전농삼성아파트,서울특별시 동대문구 전농로 192,10,37.581309999999995,127.05534399999999,915,1186,2.71,5.06
342,동대문구,609,제기2교,서울특별시 동대문구 제기동122-388,20,37.587790999999996,127.037361,4001,4451,4.5,22.1
343,동대문구,610,동대문중 교차로,서울특별시 동대문구 답십리동 524-1,10,37.573085999999996,127.05216200000001,1711,1712,0.01,9.45
344,동대문구,612,시립동부병원 앞 사거리,서울특별시 동대문구 용두동 237-10 ,20,37.573665999999996,127.03081499999999,2060,2334,2.74,11.38
345,동대문구,613,신설동역 10번출구 앞,서울특별시 동대문구 신설동 92-34,10,37.575272,127.023468,3018,2904,-1.14,16.67
346,동대문구,614,용두동 사거리,서울특별시 동대문구 용두동 237-10,20,37.577686,127.03101299999999,4635,4893,2.58,25.61
347,동대문구,615,용두동 레미안허브리츠아파트 앞,서울특별시 동대문구 용두동 696-13 ,20,37.576382,127.03511,2337,2400,0.63,12.91
348,동대문구,616,서울시립대 앞,서울특별시 동대문구 전농동 135-5,20,37.582561,127.054367,2232,948,-12.84,12.33
349,동대문구,617,청솔우성아파트 앞,서울특별시 동대문구 답십리동 94-2 ,20,37.574203000000004,127.057693,2168,2606,4.38,11.98
350,동대문구,621,동대문중학교 옆,서울특별시 동대문구 사가정로 62,15,37.574718,127.05339099999999,867,840,-0.27,4.79
351,동대문구,622,전농사거리 교통섬,서울특별시 동대문구 사가정로 119,15,37.577793,127.05783100000001,2177,3291,11.14,12.03
352,동대문구,623,서울시립대 정문 앞,서울특별시 동대문구 서울시립대로 161,20,37.583698,127.05385600000001,7392,4643,-27.49,40.84
353,동대문구,624,전농동 동아아파트 앞,서울특별시 동대문구 서울시립대로 31,10,37.574188,127.045891,2732,3328,5.96,15.09
354,동대문구,625,답십리초등학교 앞(현대시장 옆),서울특별시 동대문구 전농로 34,9,37.568191999999996,127.057175,2203,2537,3.34,12.17
355,동대문구,626,군자교 서측 녹지대,서울특별시 동대문구 장한로6길 95,10,37.561153000000004,127.07096899999999,1448,1609,1.61,8.0
356,동대문구,627,장안동삼거리 교통섬,서울특별시 동대문구 사가정로 240,10,37.578632,127.07190700000001,1473,1788,3.15,8.14
357,동대문구,628,휘봉고등학교 앞,서울특별시 동대문구 한천로 290,15,37.586815,127.067543,562,675,1.13,3.1
358,동대문구,630,동대문구 보건소,서울특별시 동대문구 천호대로 145,15,37.574852,127.040306,3077,3236,1.59,17.0
359,동대문구,631,답십리역 1번출구,서울특별시 동대문구 천호대로 269,15,37.568184,127.051277,3681,4076,3.95,20.34
360,동대문구,633,청량리 기업은행 앞,서울특별시 동대문구 홍릉로 1,8,37.580405999999996,127.044823,3898,4658,7.6,21.54
361,동대문구,634,외국어대 정문 앞,서울특별시 동대문구 이문로 107,20,37.59602,127.05983,6016,6219,2.03,33.24
362,동대문구,635,시조사 앞 (청량고정문 옆),서울특별시 동대문구 이문로1길 11,12,37.587517,127.052773,3024,2843,-1.81,16.71
363,동대문구,636,세종대왕기념관 교차로,서울특별시 동대문구 회기로 56,10,37.5909,127.04258700000001,1282,1646,3.64,7.08
364,동대문구,637,KAIST 경영대학 앞,서울특별시 동대문구 회기로 85,10,37.591614,127.04579199999999,1875,1718,-1.57,10.36
365,동대문구,638,서울시립대 정보기술관,서울특별시 동대문구 한천로43길 12-14,20,37.583008,127.060974,2287,3320,10.33,12.64
366,동대문구,639,서울시립대 후문,서울특별시 동대문구 한천로43길 12-14,14,37.585196999999994,127.060951,5080,4041,-10.39,28.07
367,동대문구,640,KEB하나은행 청량리역지점,서울특별시 동대문구 왕산로 205,6,37.582454999999996,127.044495,1508,1549,0.41,8.33
368,동대문구,641,용두역 4번출구,서울특별시 동대문구 청계천로 563,10,37.573753,127.03853600000001,3818,4293,4.75,21.09
369,동대문구,642,신답역 사거리,서울특별시 동대문구 천호대로 231,7,37.570156,127.048584,1872,1802,-0.7,10.34
370,동대문구,643,동대문구민체육센터 (육교아래),서울특별시 동대문구 장안벚꽃로 77,10,37.566971,127.074417,1756,2097,3.41,9.7
371,양천구,700,KB국민은행 염창역 지점 앞,서울특별시 양천구 목동 559,20,37.546848,126.872772,2796,3392,5.96,15.45
372,양천구,701,목동사거리 부근,서울특별시 양천구 목동 813,8,37.532803,126.86393000000001,1048,1380,3.32,5.79
373,양천구,702,목4동주민센터 옆,서울특별시 양천구 목동 904-3,16,37.532543,126.868729,968,1156,1.88,5.35
374,양천구,703,오목교역 7번출구 앞,서울특별시 양천구 목동 451,12,37.524063,126.87558,6380,6961,5.81,35.25
375,양천구,704,남부법원검찰청 교차로,서울특별시 양천구 신정동 1095,15,37.523254,126.864906,2024,2316,2.92,11.18
376,양천구,706,신정네거리역,서울특별시 양천구 신월동 894,15,37.521881,126.851753,1789,2109,3.2,9.88
377,양천구,707,신정3동주민센터,서울특별시 양천구 중앙로 209,10,37.515156,126.854897,1179,1271,0.92,6.51
378,양천구,708,서울출입국관리사무소 앞,서울특별시 양천구 신정동 319-3,16,37.51897,126.869965,2206,2477,2.71,12.19
379,양천구,709,신정3동 현장민원실 앞,서울특별시 양천구 신정동 760-2,20,37.511585,126.84156000000002,438,439,0.01,2.42
380,양천구,710,서부화물트럭터미널 사거리,서울특별시 양천구 신정동 759-2,12,37.510658,126.84253700000001,795,803,0.08,4.39
381,양천구,711,신일해피트리아파트 앞,서울특별시 양천구 신월동 1063-4,20,37.517059,126.84848799999999,643,318,-3.25,3.55
382,양천구,712,강월초교입구 사거리,서울특별시 양천구 신월동 905,14,37.516998,126.83831799999999,605,1068,4.63,3.34
383,양천구,713,양서중학교 옆,서울특별시 양천구 신월동 790,20,37.533046999999996,126.82995600000001,537,581,0.44,2.97
384,양천구,714,한국SGI 양천문화회관 앞,서울특별시 양천구 신월동 790,10,37.532546999999994,126.830803,579,724,1.45,3.2
385,양천구,716,정6동 주민센터 인근,서울특별시 양천구 목동서로 355,15,37.517281,126.86433400000001,2510,2731,2.21,13.87
386,양천구,719,홍익병원앞 교차로,서울특별시 양천구 등촌로 2,10,37.530369,126.864258,1572,1772,2.0,8.69
387,양천구,720,서울강월초등학교 앞,서울특별시 양천구 신월로 97,10,37.516197,126.8349,646,343,-3.03,3.57
388,용산구,800,목월공원 앞,서울특별시 용산구 원효로4가 109-10,15,37.532433000000005,126.954742,2899,3516,6.17,16.02
389,용산구,802,한강진역 2번 출구 앞,서울특별시 용산구 한남동 726-494,10,37.541153,127.00221299999998,1668,812,-8.56,9.22
390,용산구,803,한남초교 앞 보도육교,서울특별시 용산구 한남동 725-17,10,37.538139,127.004097,812,885,0.73,4.49
391,용산구,805,문배어린이공원 앞,서울특별시 용산구 문배동 34-10,9,37.536758,126.970001,2475,3096,6.21,13.67
392,용산구,806,전자랜드 본관 앞,서울특별시 용산구 한강로3가 16-8,20,37.533066,126.96073200000001,2407,1976,-4.31,13.3
393,용산구,807,서울역 12번 출구 앞,서울특별시 용산구 동자동 14-229,10,37.552277000000004,126.97268700000001,2438,2655,2.17,13.47
394,용산구,808,서빙고동 금호맨션 앞,서울특별시 용산구 서빙고동 235-5,10,37.520503999999995,126.98973799999999,869,982,1.13,4.8
395,용산구,809,한남 유수지 복개주차장,서울특별시 용산구 독서당로 18,10,37.530167,127.00743899999999,3599,4219,6.2,19.88
396,용산구,810,이태원지하보도,서울특별시 용산구 용산동2가 5-1812,10,37.53841,126.986649,1528,1395,-1.33,8.44
397,용산구,811,녹사평역1번출구,서울특별시 용산구 용산동2가 6-7,20,37.53508,126.985382,4236,2175,-20.61,23.4
398,용산구,812,용산전쟁기념관,서울특별시 용산구 용산동1가 8-4,20,37.53484,126.97766100000001,1390,1353,-0.37,7.68
399,용산구,813,삼각지역 3번출구,서울특별시 용산구 한강로1가 228-1,20,37.533512,126.972275,2197,2128,-0.69,12.14
400,용산구,815,LIG강촌아파트 103동앞,서울특별시 용산구 이촌동301-5,20,37.518509,126.978798,2484,2886,4.02,13.72
401,용산구,816,신용산역 6번출구 앞,서울특별시 용산구 한강대로 115,10,37.530148,126.968483,4846,5280,4.34,26.77
402,용산구,817,삼각지역 4번출구 앞,서울특별시 용산구 한강대로 161,9,37.533451,126.971733,1193,1235,0.42,6.59
403,용산구,818,숙명여대 입구 교차로,서울특별시 용산구 청파로47길 100,15,37.544895000000004,126.96938300000001,3796,4363,5.67,20.97
404,용산구,819,선린인터넷 고등학교,서울특별시 용산구 원효로97길 33-4,12,37.541653000000004,126.970505,3026,3496,4.7,16.72
405,용산구,820,청파동입구 교차로,서울특별시 용산구 한강대로 349,10,37.549026,126.971947,2436,2718,2.82,13.46
406,용산구,822,이촌1동 마을공원,서울특별시 용산구 이촌로 219,10,37.522040999999994,126.965523,2382,2696,3.14,13.16
407,용산구,823,효창동주민센터 앞,서울특별시 용산구 효창원로 161,10,37.542320000000004,126.96196,1306,1343,0.37,7.22
408,용산구,825,서빙고동 주민센터 앞,서울특별시 용산구 서빙고로 279,15,37.520336,126.99426299999999,5786,7661,18.75,31.97
409,은평구,900,은평예술회관,서울특별시 은평구 녹번동 85-4,20,37.603943,126.927696,2275,2666,3.91,12.57
410,은평구,901,응암1동사무소,서울특별시 은평구 응암동 84-14,10,37.600975,126.926956,2373,2383,0.1,13.11
411,은평구,902,진관동 은빛초등학교,서울특별시 은평구 진관동 45-21,10,37.643108000000005,126.918221,692,838,1.46,3.82
412,은평구,903,은평뉴타운 아이파크,서울특별시 은평구 진관동 13-20,20,37.645866,126.92739099999999,1435,1450,0.15,7.93
413,은평구,904,은평뉴타운 푸르지오,서울특별시 은평구 진관동 5-8,18,37.648674,126.930702,1766,1756,-0.1,9.76
414,은평구,905,구파발역 2번출구,서울특별시 은평구 진관동 86-31,11,37.636234,126.918999,3551,3770,2.19,19.62
415,은평구,906,연신내역 5번출구150M 아래,서울특별시 은평구 대조동 207-8,10,37.61721,126.919579,4437,4890,4.53,24.51
416,은평구,907,CJ 드림시티,서울특별시 은평구 역촌동 43-11,10,37.599491,126.91686200000001,8299,11031,27.32,45.85
417,은평구,908,구산역 4번출구,서울특별시 은평구 갈현동 536-8,10,37.613186,126.917351,1901,1919,0.18,10.5
418,은평구,909,백련산 힐스테이트 3차,서울특별시 은평구 응암동 761-9,10,37.586994,126.922882,1208,495,-7.13,6.67
419,은평구,911,은평평화공원(역촌역4번출구),서울특별시 은평구 녹번동 153-31,10,37.605583,126.92293500000001,3057,2952,-1.05,16.89
420,은평구,912,응암오거리,서울특별시 은평구 응암동 604-5,10,37.589661,126.916946,3188,3926,7.38,17.61
421,은평구,913,이마트 은평점,서울특별시 은평구 응암동 90-15,15,37.6007,126.920128,5338,5566,2.28,29.49
422,은평구,914,새절역 2번출구,서울특별시 은평구 응암동 610-3,20,37.590796999999995,126.913651,5699,7000,13.01,31.49
423,은평구,915,증산역 4번출구,서울특별시 은평구 증산동 199-8,10,37.584381,126.909897,2783,3241,4.58,15.38
424,은평구,916,평생학습관 앞,서울특별시 은평구 역촌동 15-40,7,37.607849,126.92132600000001,1697,1971,2.74,9.38
425,은평구,917,녹번역 4번출구,서울특별시 은평구 녹번동 55,9,37.601299,126.935349,2219,1336,-8.83,12.26
426,은평구,919,서울혁신파크,서울특별시 은평구 녹번동 15-2,10,37.607948,126.932503,994,1072,0.78,5.49
427,은평구,921,신도고등학교,서울특별시 은평구 진관동 242-14,10,37.630016,126.91902900000001,1395,819,-5.76,7.71
428,은평구,922,연신내역 4번출구,서울특별시 은평구 대조동 227-2,10,37.617802000000005,126.921967,1492,1183,-3.09,8.24
429,은평구,923,국민은행 연서지점,서울특별시 은평구 불광동 355,10,37.620948999999996,126.92563600000001,1340,1360,0.2,7.4
430,은평구,924,메뚜기다리,서울특별시 은평구 진관동 161-9,15,37.628516999999995,126.929581,870,554,-3.16,4.81
431,은평구,925,불광역 2번출구,서울특별시 은평구 불광동 285-43,8,37.609566,126.930977,1297,1147,-1.5,7.17
432,은평구,926,불광역 8번출구,서울특별시 은평구 불광동 276-6,8,37.611179,126.92966499999999,3241,3369,1.28,17.91
433,은평구,927,연신내역 3번출구 인근,서울특별시 은평구 불광동 304-5,10,37.617855,126.922523,1505,1178,-3.27,8.31
434,은평구,928,은평역사한옥박물관,서울특별시 은평구 진관동 133-29,15,37.641315000000006,126.938042,642,523,-1.19,3.55
435,은평구,930,구 서부경찰서 건너편,서울특별시 은평구 역촌동 41-7,7,37.601662,126.920303,723,791,0.68,3.99
436,은평구,931,역촌파출소,서울특별시 은평구 역촌동 45-34,10,37.604735999999995,126.91533700000001,3202,4155,9.53,17.69
437,은평구,932,예일여중,서울특별시 은평구 연서로 117,10,37.610003999999996,126.916397,2249,2293,0.44,12.43
438,은평구,933,LG서비스 역촌점,서울특별시 은평구 서오릉로 163,10,37.612484,126.914879,2377,2742,3.65,13.13
439,강동구,1001, 광진교 남단 사거리(디지털프라자앞),서울특별시 강동구 구천면로 171,15,37.541805,127.12471799999999,1410,1314,-0.96,7.79
440,강동구,1002, 해공공원(천호동),서울특별시 강동구 올림픽로 702,10,37.545219,127.12591599999999,589,755,1.66,3.25
441,강동구,1003, 해공도서관앞,서울특별시 강동구 올림픽로 702,20,37.543915000000005,127.12545800000001,679,764,0.85,3.75
442,강동구,1004, 삼성광나루아파트 버스정류장,서울특별시 강동구 상암로3길 77,10,37.553349,127.12886,833,1119,2.86,4.6
443,강동구,1006, 롯데캐슬 115동앞,서울특별시 강동구 양재대로 1665,15,37.55492,127.142799,831,792,-0.39,4.59
444,강동구,1007,암사동 선사유적지,서울특별시 강동구 올림픽로 875,16,37.559063,127.130646,134,142,0.08,0.74
445,강동구,1008, 암사역 3번출구(국민은행앞),서울특별시 강동구 올림픽로 지하 776,10,37.549549,127.127151,1024,1387,3.63,5.66
446,강동구,1010, 강동세무서,서울특별시 강동구 천호대로 1139,20,37.534481,127.13834399999999,952,850,-1.02,5.26
447,강동구,1011, LIGA 아파트 앞,서울특별시 강동구 천호대로 1120,20,37.534771,127.13523899999998,1247,1134,-1.13,6.89
448,강동구,1012, 서울 상운차량,서울특별시 강동구 올림픽로 610,15,37.536026,127.122726,1554,1409,-1.45,8.59
449,강동구,1013, 강동구청역 1번 출입구,서울특별시 강동구 올림픽로 지하 550,15,37.530772999999996,127.120926,1320,1309,-0.11,7.29
450,강동구,1014, 강동구평생학습관앞,서울특별시 강동구 고덕로 295,15,37.5508,127.142624,920,883,-0.37,5.08
451,강동구,1016, 해뜨는 주유소옆 리엔파크 109동앞,서울특별시 강동구 상일로 152,10,37.559399,127.171158,583,629,0.46,3.22
452,강동구,1017, 맥도날드(길동),서울특별시 강동구 천호대로 1207,20,37.535472999999996,127.145172,626,766,1.4,3.46
453,강동구,1019, 다성이즈빌아파트(호원대 대각선 맞은편),서울특별시 강동구 성내로 91,10,37.526825,127.130028,1046,1187,1.41,5.78
454,강동구,1020, 강동경찰서,서울특별시 강동구 성내로 57,15,37.528290000000005,127.126801,1143,1245,1.02,6.31
455,강동구,1021, 강일동 리슈빌 빌딩앞,서울특별시 강동구 아리수로 419,15,37.564301,127.17395,886,955,0.69,4.9
456,강동구,1022, 길동 사거리(초소앞),서울특별시 강동구 양재대로 1441,20,37.533764,127.13803100000001,847,937,0.9,4.68
457,강서구,1101, 개화동상사마을종점 버스정류장,서울특별시 강서구 개화동로5길 3-8,10,37.581612,126.798599,102,112,0.1,0.56
458,강서구,1102, 방화사거리 마을버스 버스정류장,서울특별시 강서구 양천로17길 6,10,37.573643,126.811806,770,887,1.17,4.25
459,강서구,1105, 방화근린공원,서울특별시 강서구 금낭화로 176,10,37.582446999999995,126.81203500000001,173,195,0.22,0.96
460,강서구,1108, 공항시장역 1번출구,서울특별시 강서구 방화동로 지하 30,8,37.563559999999995,126.81015,449,490,0.41,2.48
461,강서구,1109, 공항시장역 4번출구,서울특별시 강서구 방화동로 지하 30,6,37.563347,126.81048600000001,461,495,0.34,2.55
462,강서구,1110, 공항중학교앞,서울특별시 강서구 방화대로 241,10,37.562683,126.81623799999998,29,36,0.07,0.16
463,강서구,1111, 마곡엠밸리6_7단지 마곡중학교,서울특별시 강서구 마곡중앙5로 58,15,37.566982,126.8218,1777,1884,1.07,9.82
464,강서구,1113, 서남환경공원 버스정류장,서울특별시 강서구 양천로 201,15,37.573093,126.82289899999999,559,680,1.21,3.09
465,강서구,1114, 서남물재생센터 버스정류장,서울특별시 강서구 양천로 200,15,37.572781,126.826279,162,165,0.03,0.9
466,강서구,1118, 증미역 3번출구뒤(등촌두산위브센티움오피스텔),서울특별시 강서구 양천로 지하 560,10,37.557460999999996,126.86145800000001,1569,1806,2.37,8.67
467,강서구,1119, 염창동 한마음아파트앞(염창동 빛나는 음악학원앞),서울특별시 강서구 양천로 637,6,37.554253,126.86756100000001,751,942,1.91,4.15
468,강서구,1120, 대림경동아파트앞,서울특별시 강서구 허준로 121,10,37.565189000000004,126.853996,1940,2286,3.46,10.72
469,강서구,1121, 가양레포츠센터앞,서울특별시 강서구 양천로61길 101,15,37.559478999999996,126.86438000000001,1350,1411,0.61,7.46
470,강서구,1122, 황금내근린공원,서울특별시 강서구 허준로 221-40,10,37.561932,126.863869,1711,2007,2.96,9.45
471,강서구,1123, 공암나루근린공원 관리사무소옆,서울특별시 강서구 강서로80길 117,15,37.570479999999996,126.849503,1828,2050,2.22,10.1
472,강서구,1124, 발산역 6번출구옆(다이소앞),서울특별시 강서구 공항대로 280,10,37.557968,126.83828700000001,2174,2289,1.15,12.01
473,강서구,1126, 우장산역 1번출구옆(우장산아이파크105동앞),서울특별시 강서구 강서로 지하 262,7,37.548908000000004,126.83656299999998,863,813,-0.5,4.77
474,강서구,1127, 화곡역(에이스정형외과앞) 버스정류장,서울특별시 강서구 화곡로 157,10,37.540981,126.83854699999999,324,335,0.11,1.79
475,강서구,1128, 화곡역 6번출구,서울특별시 강서구 화곡로 지하 168,10,37.541412,126.840225,51,45,-0.06,0.28
476,강서구,1129, 화곡역 1번 출구 앞,서울특별시 강서구 화곡로 지하 168,10,37.542099,126.840218,1184,1215,0.31,6.54
477,강서구,1130, 화곡본동시장 버스정류장,서울특별시 강서구 화곡로 196,7,37.542751,126.842621,240,266,0.26,1.33
478,강서구,1131, 꿈돌이공원 앞,서울특별시 강서구 화곡로 232,8,37.546444,126.845459,850,1055,2.05,4.7
479,강서구,1132, 등촌역 7번출구,서울특별시 강서구 공항대로 지하 529,10,37.551109000000004,126.863708,1432,1538,1.06,7.91
480,강서구,1135, 강서구의회,서울특별시 강서구 등촌로 185,10,37.546532,126.862549,641,591,-0.5,3.54
481,강서구,1136, 등촌2파출소,서울특별시 강서구 등촌로 167,10,37.544788,126.86200000000001,286,284,-0.02,1.58
482,강서구,1137, 등촌2동주민센터,서울특별시 강서구 등촌로 143,10,37.541649,126.86336499999999,335,285,-0.5,1.85
483,강서구,1139, 용문사 버스정류장,서울특별시 강서구 등촌로 95,8,37.537890999999995,126.863396,847,990,1.43,4.68
484,강서구,1141, 곰달래 문화복지센터 1-1,서울특별시 강서구 강서로5길 50,10,37.52906,126.84848000000001,529,771,2.42,2.92
485,강서구,1145, 곰달래 문화복지센터 1-2,서울특별시 강서구 강서로5길 50,10,37.528919,126.848083,425,476,0.51,2.35
486,강서구,1146, 곰달래사거리,서울특별시 강서구 곰달래로 51,10,37.530338,126.83825700000001,543,701,1.58,3.0
487,강서구,1148, 볏골공원,서울특별시 강서구 까치산로4길 22,10,37.541470000000004,126.84478,417,423,0.06,2.3
488,송파구,1201, 가락시장역 3번 출구,서울특별시 송파구 송파대로 지하 257,10,37.493179,127.118546,7,7,0.0,0.04
489,송파구,1204, 거여역 3번출구,서울특별시 송파구 오금로 지하 499,10,37.493342999999996,127.14473000000001,1,1,0.0,0.01
490,송파구,1205, 종합운동장역 4번출구,서울특별시 송파구 올림픽로 8,15,37.510428999999995,127.071373,1297,1078,-2.19,7.17
491,송파구,1206, 9호선종합운동장역 9번출구,서울특별시 송파구 올림픽로 지하 23,20,37.51128,127.078239,1143,902,-2.41,6.31
492,송파구,1207, 마천CU우방점 앞,서울특별시 송파구 성내천로 233,10,37.499756,127.15250400000001,0,5,0.05,0.0
493,송파구,1209, 잠실나루역 (2번 출구 쪽),서울특별시 송파구 오금로 20,20,37.520451,127.104202,1980,1870,-1.1,10.94
494,송파구,1213, 백토공원 앞,서울특별시 송파구 양재대로72길 47-8,20,37.507659999999994,127.13273600000001,520,477,-0.43,2.87
495,송파구,1214, 오금역 7번 출구 인근,서울특별시 송파구 오금로 지하 321,10,37.502594,127.127647,7,8,0.01,0.04
496,송파구,1215, 올림픽공원역 1번출구 앞,서울특별시 송파구 양재대로 지하 1233,15,37.516571,127.13153799999999,2058,2103,0.45,11.37
497,송파구,1217, 송파파인타운 7단지,서울특별시 송파구 충민로4길 19,15,37.479271000000004,127.12957800000001,790,862,0.72,4.36
498,송파구,1220, 잠실본동주민센터뒤 잠실근린공원,서울특별시 송파구 백제고분로15길 7,15,37.505691999999996,127.08403799999999,943,1037,0.94,5.21
499,송파구,1222, 잠실새내역 5번 출구 뒤,서울특별시 송파구 백제고분로 95,15,37.511982,127.085052,1,0,-0.01,0.01
500,송파구,1224, 아시아지하보도 2번 출구,서울특별시 송파구 올림픽로 74,15,37.512169,127.078934,921,908,-0.13,5.09
501,송파구,1227, 거여역 8번출구 뒤,서울특별시 송파구 오금로 지하 499,10,37.493126000000004,127.143822,0,1,0.01,0.0
502,송파구,1228, 마천사거리 ,서울특별시 송파구 거마로 51,10,37.4977,127.146202,1,0,-0.01,0.01
503,송파구,1229, 송파체육문화회관 앞,서울특별시 송파구 양산로 15,15,37.490688,127.143127,182,275,0.93,1.01
504,송파구,1230, 송파중학교 정문,서울특별시 송파구 동남로 203,10,37.495670000000004,127.130592,2,0,-0.02,0.01
505,송파구,1232, 롯데마트 주차장 옆,서울특별시 송파구 석촌호수로12길 3-19,10,37.512089,127.09619099999999,2563,2744,1.81,14.16
506,송파구,1233, 잠실3거리(갤러리아팰리스),서울특별시 송파구 석촌호수로12길 3-17,9,37.510509000000006,127.093369,830,785,-0.45,4.59
507,송파구,1235, 잠실트리지움310동 옆,서울특별시 송파구 잠실로 62,15,37.508339,127.08814199999999,763,880,1.17,4.22
508,송파구,1239, 문정 법조단지3,서울특별시 송파구 정의로 30,20,37.480843,127.11801100000001,4,4,0.0,0.02
509,성북구,1304, 만해공원,서울특별시 성북구 성북로 132-1,15,37.594402,126.99231,28,13,-0.15,0.15
510,성북구,1308, 안암로터리 버스정류장 앞,서울특별시 성북구 안암로 69,10,37.582592,127.028976,298,330,0.32,1.65
511,성북구,1313, 정릉현대힐스테이트 1차 후문,서울특별시 성북구 정릉로27가길 28-2,10,37.603249,127.014648,667,949,2.82,3.69
512,성북구,1314, 정릉꿈에그린1단지 201동 앞,서울특별시 성북구 아리랑로19길 20,10,37.60244,127.01168799999999,412,428,0.16,2.28
513,성북구,1316, 고려사대부속중고 건너편 ,서울특별시 성북구 보국문로29길 23,20,37.607262,127.00283799999998,578,377,-2.01,3.19
514,성북구,1319, 종암사거리 분수대,서울특별시 성북구 종암로 147,10,37.603043,127.033272,1369,1732,3.63,7.56
515,성북구,1322, 래미안라센트아파트 103동 앞,서울특별시 성북구 종암로3길 37-2,10,37.598068,127.039276,43,45,0.02,0.24
516,성북구,1323, 월곡역 입구 육교 밑,서울특별시 성북구 월곡로 지하 107,10,37.600433,127.04020700000001,496,662,1.66,2.74
517,성북구,1325, 상월곡역 4번출구,서울특별시 성북구 화랑로 148,10,37.605808,127.04773700000001,110,104,-0.06,0.61
518,성북구,1326, 상월곡역 1번출구,서울특별시 성북구 화랑로 지하 157,10,37.606068,127.04731799999999,105,122,0.17,0.58
519,성북구,1327, 상월곡역 3번출구,서울특별시 성북구 화랑로 지하 157,10,37.607341999999996,127.05068200000001,0,1,0.01,0.0
520,성북구,1332, 석계역 5번출구 건너편,서울특별시 노원구 화랑로 지하 347-1,10,37.613556,127.066093,0,2,0.02,0.0
521,성북구,1333, 석관초등학교 앞,서울특별시 성북구 돌곶이로22길 21,15,37.610523,127.059799,285,304,0.19,1.57
522,중랑구,1401, 극동늘푸른아파트,서울특별시 중랑구 동일로 941,15,37.614738,127.07636299999999,949,1196,2.47,5.24
523,중랑구,1402, 금란주차장 앞,서울특별시 중랑구 망우로 448,10,37.600071,127.102333,433,471,0.38,2.39
524,중랑구,1403, 중화빌딩 앞 (동부시장),서울특별시 중랑구 망우로 211,15,37.59425,127.076576,650,787,1.37,3.59
525,중랑구,1405, 망우역 1번출구,서울특별시 중랑구 망우로55길 11-10,10,37.599098,127.092949,1181,1428,2.47,6.52
526,중랑구,1406, 망우청소년수련관,서울특별시 중랑구 송림길 156,10,37.606251,127.10826899999999,216,181,-0.35,1.19
527,중랑구,1410, 면목 대원칸타빌아파트,서울특별시 중랑구 용마산로 285,10,37.577782,127.09018700000001,325,247,-0.78,1.8
528,중랑구,1412, 면목초등학교,서울특별시 중랑구 면목로 434,10,37.590961,127.08706699999999,642,841,1.99,3.55
529,중랑구,1413, 봉화산역 5번출구 뒤,서울특별시 중랑구 신내로 지하 232,10,37.617561,127.090309,551,603,0.52,3.04
530,중랑구,1418, 새솔초등학교,서울특별시 중랑구 신내역로1길 164,15,37.617989,127.110542,300,323,0.23,1.66
531,중랑구,1420, 신내어울공원 앞,서울특별시 중랑구 신내로16길 17,15,37.614231,127.096764,154,153,-0.01,0.85
532,중랑구,1421, 신내역 4번출구,서울특별시 중랑구 신내로 지하 232,20,37.612460999999996,127.103378,110,140,0.3,0.61
533,중랑구,1422, 신내우디안아파트 1단지,서울특별시 중랑구 신내역로 213,10,37.620098,127.10646100000001,96,86,-0.1,0.53
534,중랑구,1424, 양원역 2번출구,서울특별시 중랑구 송림길 147,10,37.606312,127.10774199999999,11,16,0.05,0.06
535,중랑구,1425, 용마문화복지센터,서울특별시 중랑구 용마산로86길 9-27,10,37.58746,127.09597,317,270,-0.47,1.75
536,중랑구,1426, 면목도시개발아파트 1동 앞,서울특별시 중랑구 용마산로 지하 227,15,37.573589,127.086823,367,275,-0.92,2.03
537,중랑구,1433, 중화역 2번출구,서울특별시 중랑구 동일로 지하 797,10,37.602077,127.079582,0,1,0.01,0.0
538,중랑구,1434, 홈플러스 면목동점,서울특별시 중랑구 사가정로 332,15,37.579868,127.08236699999999,626,753,1.27,3.46
539,중랑구,1435, 능산삼거리,서울특별시 중랑구 용마산로 644,15,37.608681,127.100792,177,188,0.11,0.98
540,중랑구,1437, 늘푸른공원 앞,서울특별시 중랑구 동일로 594,15,37.583420000000004,127.079926,171,220,0.49,0.94
541,중랑구,1438, 홈플러스 신내점 앞,서울특별시 중랑구 신내로 지하 232,15,37.616169,127.093483,691,714,0.23,3.82
542,중랑구,1441, 신내능말공원,서울특별시 중랑구 용마산로136길 33,15,37.616710999999995,127.11073300000001,204,156,-0.48,1.13
543,강북구,1503, 이디야 커피 수유역점 앞,서울특별시 강북구 도봉로 355,12,37.639278000000004,127.026756,952,974,0.22,5.26
544,강북구,1504, 다이소 삼양시장점,서울특별시 강북구 삼양로 234,10,37.624157000000004,127.018623,480,518,0.38,2.65
545,강북구,1506, 강북문화예술회관,서울특별시 강북구 삼각산로 85,20,37.640327,127.01335900000001,455,457,0.02,2.51
546,강북구,1514, 강북구청 사거리 버스정류소 앞,서울특별시 강북구 한천로 1009,10,37.638805,127.02835800000001,121,143,0.22,0.67
547,강북구,1515, 송천동 주민센터,서울특별시 강북구 솔샘로 284,10,37.618286,127.024048,404,510,1.06,2.23
548,강북구,1516, 우이초등학교 후문 옆,서울특별시 강북구 삼양로99길 33,10,37.638706,127.01590700000001,195,229,0.34,1.08
549,강북구,1518, SK telecom(수유직영점) 앞,서울특별시 강북구 삼양로 439,10,37.643085,127.016167,43,57,0.14,0.24
550,강북구,1519, 세븐일레븐 수유장미원점 앞,서울특별시 강북구 삼양로 474,10,37.645451,127.01561699999999,311,384,0.73,1.72
551,강북구,1525, 미아동 복합청사,서울특별시 강북구 솔매로49길 14,10,37.627140000000004,127.02669499999999,1,3,0.02,0.01
552,노원구,1601, 석계역 문화광장 내 자전거 보관소,서울특별시 노원구 화랑로 331,20,37.615299,127.06446799999999,1505,1602,0.97,8.31
553,노원구,1603, 롯데캐슬 102동 코너(월계주유소건너),서울특별시 노원구 월계로 252,10,37.624859,127.05013999999998,933,1149,2.16,5.15
554,노원구,1606, 태릉입구역 3번출구 ,서울특별시 노원구 동일로 지하 992-1,10,37.619171,127.074928,1283,1378,0.95,7.09
555,노원구,1610, 화랑대역 2번출구 앞,서울특별시 노원구 화랑로 지하 510,20,37.620369000000004,127.08364099999999,1454,1436,-0.18,8.03
556,노원구,1611, 과기대 입구(우),서울특별시 노원구 공릉로 232,20,37.629940000000005,127.076553,1976,1890,-0.86,10.92
557,노원구,1616, 하계2동 공항버스정류장 옆,서울특별시 노원구 동일로 지하 1196,10,37.635109,127.068329,912,979,0.67,5.04
558,노원구,1617, 하계동 중평어린이공원 앞,서울특별시 노원구 섬밭로 241,20,37.63715,127.063271,28,31,0.03,0.15
559,노원구,1623, 노원 구민회관,서울특별시 노원구 동일로 1229,20,37.638649,127.06629199999999,861,903,0.42,4.76
560,노원구,1634, 당고개공원 대여소,서울특별시 노원구 상계로 283,15,37.669078999999996,127.077591,260,251,-0.09,1.44
561,노원구,1635, 상계3.4동 주민센터 대여소,서울특별시 노원구 덕릉로131길 8,11,37.672709999999995,127.08316,86,56,-0.3,0.48
562,노원구,1636, 백병원 사거리 농협은행 앞,서울특별시 노원구 동일로 1351,10,37.649212,127.06176799999999,925,988,0.63,5.11
563,노원구,1637, KT 노원점 건물 앞,서울특별시 노원구 노해로 489,15,37.654701,127.0634,1552,1529,-0.23,8.57
564,노원구,1639, 희성오피앙,서울특별시 노원구 동일로 1701,10,37.680313,127.05506899999999,32,30,-0.02,0.18
565,도봉구,1702, 녹천역 1번출구 앞,서울특별시 도봉구 덕릉로 376,10,37.646172,127.05056,405,440,0.35,2.24
566,도봉구,1703, 도봉산광역환승센터앞 ,서울특별시 도봉구 도봉로 955,15,37.68972,127.045197,33,36,0.03,0.18
567,도봉구,1707, 도봉구민회관,서울특별시 도봉구 도봉로 552,15,37.654461,127.038513,707,825,1.18,3.91
568,도봉구,1708, 보건소사거리(다비치안경창동점),서울특별시 도봉구 해등로 150,8,37.65683,127.03984799999999,50,57,0.07,0.28
569,도봉구,1709, 쌍문역4번출구 주변,서울특별시 도봉구 도봉로 지하 486-1,15,37.650127000000005,127.035347,828,809,-0.19,4.57
570,도봉구,1712, 창동역공영주차장앞,서울특별시 도봉구 마들로11길 74,15,37.654049,127.050201,520,649,1.29,2.87
571,금천구,1802, 가산디지털단지역 5번출구,서울특별시 금천구 벚꽃로 309,20,37.479591,126.882202,4,12,0.08,0.02
572,금천구,1805, 서울디지털운동장 앞,서울특별시 금천구 가산디지털2로 151,10,37.482288,126.877769,38,30,-0.08,0.21
573,금천구,1808, 에이스하이엔드타워8차 앞,서울특별시 금천구 가산디지털1로 84,20,37.473209000000004,126.884941,0,2,0.02,0.0
574,금천구,1809, LG전자 별관동(호서대 벤처타워 맞은편),서울특별시 금천구 가산디지털1로 63,10,37.470779,126.88515500000001,191,115,-0.76,1.06
575,금천구,1814, 두산위브아파트 옆 상가건물 앞,서울특별시 금천구 가산로 99,8,37.47422,126.894127,224,227,0.03,1.24
576,금천구,1816, 금천폭포공원 앞,서울특별시 금천구 시흥대로38길 61,20,37.446861,126.90383100000001,158,128,-0.3,0.87
577,금천구,1819, 금천구청 앞 자전거거치대,서울특별시 금천구 시흥대로73길 70,10,37.456478000000004,126.895927,39,39,0.0,0.22
578,금천구,1820, 신한은행 시흥대로금융센터지점,서울특별시 금천구 시흥대로 446,10,37.44334,126.90335800000001,80,102,0.22,0.44
579,금천구,1821, 홈플러스 시흥점 맞은편 다비치안경 앞,서울특별시 금천구 시흥대로 198,10,37.451458,126.902115,1,21,0.2,0.01
580,금천구,1822, 서울 시흥동우체국 앞,서울특별시 금천구 시흥대로 217,10,37.452991,126.90090900000001,85,100,0.15,0.47
581,금천구,1823, 상신정비공업 앞,서울특별시 금천구 시흥대로 287,20,37.458912,126.89858999999998,191,192,0.01,1.06
582,금천구,1825, 한신아파트 앞 육교 아래,서울특별시 금천구 금하로1길 70,10,37.4547,126.891052,111,138,0.27,0.61
583,금천구,1826, 한신코아 앞,서울특별시 금천구 한내로 62,20,37.456841,126.88834399999999,55,69,0.14,0.3
584,금천구,1828, 한양수자인아파트 앞,서울특별시 금천구 시흥대로150길 6,10,37.475319,126.89888799999999,216,147,-0.69,1.19
585,금천구,1829, 홈플러스 금천점 앞,서울특별시 금천구 시흥대로 391,10,37.469139,126.89720200000001,33,35,0.02,0.18
586,금천구,1830, 빅마켓 금천점 앞,서울특별시 금천구 두산로 71,15,37.47023,126.895073,316,357,0.41,1.75
587,금천구,1831, 메이퀸웨딩컨벤션 앞,서울특별시 금천구 시흥대로 435,10,37.4725,126.897957,119,137,0.18,0.66
588,금천구,1834, 월드메르디앙 벤처센터 2차,서울특별시 금천구 가산디지털2로 123,10,37.479084,126.879044,411,398,-0.13,2.27
589,금천구,1835, STX V타워,서울특별시 금천구 가산디지털1로 128,10,37.47707,126.88443000000001,296,220,-0.76,1.64
590,구로구,1901, 신도림동주민센터 앞,서울특별시 구로구 신도림로 40,10,37.507332,126.87973000000001,491,489,-0.02,2.71
591,구로구,1904, 도림천역 1번 출구 앞,서울특별시 구로구 경인로67길 160,10,37.51424,126.882874,553,513,-0.4,3.06
592,구로구,1906, 신도림역 1번 출구 앞,서울특별시 구로구 경인로 688,20,37.50972,126.89009899999999,1671,1625,-0.46,9.23
593,구로구,1907, 구일우성(아) 육교 밑,서울특별시 구로구 구일로2길 59,12,37.489632,126.876259,203,177,-0.26,1.12
594,구로구,1908, 해원리바파크 육교 밑,서울특별시 구로구 구일로 110,10,37.495284999999996,126.87216200000002,510,633,1.23,2.82
595,구로구,1911, 구로디지털단지역 앞,서울특별시 구로구 시흥대로 577-2,10,37.48494,126.901321,507,535,0.28,2.8
596,구로구,1912, 한신휴아파트 앞,서울특별시 구로구 디지털로31길 120,10,37.4888,126.89066299999999,458,416,-0.42,2.53
597,구로구,1913, 구로리공원,서울특별시 구로구 구로중앙로 13,10,37.491032000000004,126.892151,357,355,-0.02,1.97
598,구로구,1920, 서울미래초등학교 사거리,서울특별시 구로구 새말로 73,10,37.504379,126.88829799999999,690,704,0.14,3.81
599,구로구,1928, 고척스카이돔구장 광장,서울특별시 구로구 경인로 430,10,37.49947,126.868401,794,863,0.69,4.39
600,구로구,1929, 고척근린공원 고척도서관 앞,서울특별시 구로구 고척로45길 31,10,37.505134999999996,126.85276,272,267,-0.05,1.5
601,구로구,1930, 개봉지구대 개봉치안센터,서울특별시 구로구 경인로 293,7,37.497684,126.853729,165,184,0.19,0.91
602,구로구,1933, 개봉푸르지오아파트 상가,서울특별시 구로구 남부순환로 775,10,37.501583000000004,126.84687,326,448,1.22,1.8
603,구로구,1937, 한진아파트 입구,서울특별시 구로구 개봉로3길 87,15,37.486061,126.85201299999999,96,121,0.25,0.53
604,구로구,1940, 예성 라온팰리스 앞,서울특별시 구로구 오류로8바길 34,10,37.497551,126.847252,260,384,1.24,1.44
605,동작구,2003, 사육신공원앞,서울특별시 동작구 노량진로 191,10,37.513359,126.94805900000001,0,21,0.21,0.0
606,동작구,2007, 유한양행앞,서울특별시 동작구 노량진로 74,20,37.512939,126.934242,1231,1263,0.32,6.8
607,동작구,2008, 노량진근린공원 대방공원,서울특별시 동작구 여의대방로44길 20,10,37.509369,126.92806999999999,11,29,0.18,0.06
608,동작구,2009, 보라매역 8번출구,서울특별시 동작구 상도로 지하 2,10,37.500076,126.92108200000001,227,225,-0.02,1.25
609,동작구,2013, 장승배기역 5번출구,서울특별시 동작구 상도로 지하 188,30,37.505852000000004,126.93936200000002,844,835,-0.09,4.66
610,동작구,2015, 신대방삼거리역 6번출구쪽,서울특별시 동작구 상도로 지하 76,10,37.499855,126.929565,372,464,0.92,2.06
611,동작구,2016, 신대방삼거리역 3번출구쪽,서울특별시 동작구 상도로 지하 76,10,37.499645,126.927094,0,8,0.08,0.0
612,동작구,2020, 장승배기역2번출구뒷편쪽,서울특별시 동작구 상도로 지하 188,10,37.504498,126.938988,186,170,-0.16,1.03
613,동작구,2025, 흑석역 1번출구,서울특별시 동작구 현충로 지하 90,15,37.50938,126.96361499999999,1,9,0.08,0.01
614,동작구,2036, 정금마을 마을버스정류장,서울특별시 서초구 동작대로 198,20,37.494704999999996,126.98239099999999,45,45,0.0,0.25
615,동작구,2037, 동작역 5번출구 동작주차공원,서울특별시 동작구 현충로 지하 220,20,37.503189,126.97715,487,576,0.89,2.69
616,동작구,2041, 사당중학교 버스정류소,서울특별시 동작구 사당로 169,10,37.486835,126.968048,116,137,0.21,0.64
617,동작구,2048, 삼일초등학교 인근,서울특별시 동작구 사당로23나길 27,10,37.488453,126.97421299999999,76,93,0.17,0.42
618,동작구,2056, 동작구민 체육센터,서울특별시 동작구 여의대방로16길 53,10,37.494499,126.916527,74,76,0.02,0.41
619,동작구,2057, 상도 아이파크 아파트,서울특별시 동작구 장승배기로 26,10,37.500881,126.94175,70,66,-0.04,0.39
620,관악구,2102, 봉림교 교통섬,서울특별시 관악구 관천로 52,20,37.48423,126.92639199999999,1226,1251,0.25,6.77
621,관악구,2103, 신림동 우방아파트,서울특별시 관악구 관천로27길 2,10,37.489178,126.919273,289,300,0.11,1.6
622,관악구,2104, 사당역 5번출구,서울특별시 동작구 남부순환로 지하 2089,13,37.476089,126.98133100000001,7,21,0.14,0.04
623,관악구,2107, 도림천 신화교,서울특별시 관악구 신림로 40,25,37.475471,126.93645500000001,1248,1448,2.0,6.9
624,관악구,2108, 은천치안센터,서울특별시 관악구 봉천로 375,20,37.483340999999996,126.94319899999999,545,588,0.43,3.01
625,관악구,2129, 낙성대 과학전시관,서울특별시 관악구 낙성대로 101,10,37.469055,126.958145,284,243,-0.41,1.57
626,관악구,2130, 영어마을 관악캠프,서울특별시 관악구 낙성대로 70,15,37.47197,126.95876299999999,427,407,-0.2,2.36
627,관악구,2135, 신림역 5번출구,서울특별시 관악구 남부순환로 지하 1614,11,37.484409,126.928909,208,184,-0.24,1.15
628,관악구,2140, 신림1교 교차로,서울특별시 관악구 신림로 270,12,37.478428,126.93186200000001,469,497,0.28,2.59
629,관악구,2145, 은천초등학교 육교,서울특별시 관악구 은천로 69,12,37.486359,126.942924,314,319,0.05,1.73
630,관악구,2153, 서울남부초등학교 옆,서울특별시 관악구 남부순환로163가길 20,10,37.485141999999996,126.92056299999999,55,47,-0.08,0.3
631,관악구,2157, 난곡 사거리,서울특별시 관악구 난곡로 317,10,37.4818,126.915237,182,208,0.26,1.01
632,서초구,2201, 본마을 정류소 앞,서울특별시 서초구 본마을2길 2,20,37.453281,127.051483,99,110,0.11,0.55
633,서초구,2202,청계산입구역 1번출구,서울특별시 서초구 청계산로 지하 179,20,37.448935999999996,127.054375,0,14,0.14,0.0
634,서초구,2205, 내곡3단지 어린이공원 앞,서울특별시 서초구 청계산로9길 76,15,37.453751000000004,127.05938,35,22,-0.13,0.19
635,서초구,2206, 언남초등학교 앞,서울특별시 서초구 헌릉로8길 42,20,37.454399,127.06230900000001,34,26,-0.08,0.19
636,서초구,2212,서초현대4차아파트 201동 맞은편,서울특별시 서초구 고무래로 94,20,37.500961,127.01792900000001,304,262,-0.42,1.68
637,서초구,2213, 고속터미널역 5번출구 앞,서울특별시 서초구 신반포로 지하 188,20,37.502232,127.00225800000001,270,244,-0.26,1.49
638,서초구,2214, 신반포역 2번출구 앞,서울특별시 서초구 신반포로 지하 105,15,37.504115999999996,126.99748999999998,242,298,0.56,1.34
639,서초구,2219,고속터미널역 8-1번 8-2번 출구 사이,서울특별시 서초구 신반포로 지하 188,20,37.506199,127.00394399999999,778,788,0.1,4.3
640,서초구,2221,하나은행 방배동지점 앞,서울특별시 서초구 방배로 110,15,37.485611,126.99468200000001,89,91,0.02,0.49
641,서초구,2222,사당역 12번출구 뒤,서울특별시 동작구 동작대로 지하 3,10,37.478069,126.982033,24,47,0.23,0.13
642,서초구,2223, 방배래미안 정문 앞,서울특별시 서초구 남부순환로 2183,20,37.472609999999996,126.98300900000001,72,68,-0.04,0.4
643,서초구,2225,백석예술대학교 제3캠퍼스 앞,서울특별시 서초구 방배로9길 23,15,37.473759,126.99524699999999,43,58,0.15,0.24
644,서초구,2226, 신동아럭스빌아파트 앞,서울특별시 서초구 방배로1길 9,15,37.475182000000004,127.00138899999999,81,33,-0.48,0.45
645,서초구,2227,방배열린문화센터 앞,서울특별시 서초구 서초대로 지하 103,15,37.489052,126.99252299999999,204,200,-0.04,1.13
646,서초구,2228,뒷벌공원 옆,서울특별시 서초구 방배중앙로 131,20,37.489585999999996,126.986725,159,186,0.27,0.88
647,서초구,2229,로고스교회 맞은 편,서울특별시 서초구 방배천로 126,10,37.487010999999995,126.98496200000001,288,319,0.31,1.59
648,서초구,2231, 삼성타운(삼성생명) A동 맞은편,서울특별시 서초구 서초대로 405,15,37.496914000000004,127.02496299999999,283,257,-0.26,1.56
649,서초구,2233, 서초신동아1차아파트 옆,서울특별시 서초구 효령로36길 22,20,37.491112,127.022957,72,59,-0.13,0.4
650,서초구,2235,KT 서초지사 앞,서울특별시 서초구 사평대로 73,15,37.482159,127.002701,102,85,-0.17,0.56
651,서초구,2239,교대역 6번출구,서울특별시 서초구 서초대로 지하 294,10,37.494217,127.01378600000001,217,163,-0.54,1.2
652,서초구,2241,양재전화국 사거리,서울특별시 강남구 논현로 201,10,37.485378000000004,127.041702,318,290,-0.28,1.76
653,서초구,2242,양재역 11번 출구 앞,서울특별시 서초구 남부순환로 지하 2585,20,37.483990000000006,127.03418,49,28,-0.21,0.27
654,서초구,2243,서울가정법원,서울특별시 서초구 강남대로 193,15,37.481491,127.036728,144,77,-0.67,0.8
655,서초구,2244,교육개발원입구 교차로,서울특별시 서초구 바우뫼로1길 35,20,37.477852,127.03891000000002,209,172,-0.37,1.15
656,서초구,2245,양재초등학교 맞은편,서울특별시 서초구 바우뫼로18길 14,20,37.473614000000005,127.03051,144,162,0.18,0.8
657,서초구,2246, 서울시 품질시험소 앞,서울특별시 서초구 태봉로 131,15,37.4692,127.02900700000001,11,10,-0.01,0.06
658,서초구,2247,섬들근린공원,서울특별시 서초구 태봉로2길 24,25,37.462639,127.026619,17,16,-0.01,0.09
659,서초구,2255,시민의숲역 1번출구 옆,서울특별시 서초구 매헌로 지하 116,25,37.47044,127.03885700000001,0,2,0.02,0.0
660,서초구,2256,양재동 꽃시장 입구,서울특별시 서초구 강남대로 27,10,37.467690000000005,127.04035900000001,131,116,-0.15,0.72
661,서초구,2257, 하나로클럽 양재점 맞은편,서울특별시 서초구 청계산로 10,10,37.462688,127.04611200000001,8,6,-0.02,0.04
662,서초구,2258,구룡사 삼거리,서울특별시 강남구 논현로2길 22,20,37.471539,127.050591,5,5,0.0,0.03
663,서초구,2259, 잠원역 3번-4번 출구사이 ,서울특별시 서초구 잠원로4길 지하 46,15,37.512989000000005,127.011177,220,202,-0.18,1.22
664,서초구,2262, 한신16차아파트 119동 앞,서울특별시 서초구 나루터로4길 60,20,37.516597999999995,127.00958999999999,328,407,0.79,1.81
665,강남구,2301, 현대고등학교 건너편,서울특별시 강남구 압구정로 134,10,37.524071,127.02179,245,232,-0.13,1.35
666,강남구,2302, 교보타워 버스정류장(신논현역 3번출구 후면),서울특별시 강남구 봉은사로 지하 102,10,37.505581,127.024277,194,161,-0.33,1.07
667,강남구,2307, 압구정 한양 3차 아파트,서울특별시 강남구 압구정로 321,10,37.528614000000005,127.038559,115,93,-0.22,0.64
668,강남구,2308, 압구정파출소 앞,서울특별시 강남구 압구정로 311,14,37.529301000000004,127.035599,165,108,-0.57,0.91
669,강남구,2309, 청담역(우리들병원 앞),서울특별시 강남구 학동로 443,10,37.518902000000004,127.04938500000002,231,193,-0.38,1.28
670,강남구,2317, 삼성도로공원,서울특별시 강남구 영동대로112길 66,10,37.515888000000004,127.0662,153,115,-0.38,0.85
671,강남구,2321, 학여울역 사거리,서울특별시 강남구 남부순환로 지하 3104,10,37.496117,127.06944299999999,10,15,0.05,0.06
672,강남구,2324, 천주교 대치 2동 교회 옆,서울특별시 강남구 도곡로 540,10,37.500439,127.066223,102,105,0.03,0.56
673,강남구,2325, 대치동 버거킹대치점,서울특별시 강남구 도곡로 447,10,37.49865,127.05931899999999,97,77,-0.2,0.54
674,강남구,2327, 뱅뱅사거리 랜드마크타워 앞,서울특별시 강남구 강남대로 308,15,37.490551,127.03146399999999,79,52,-0.27,0.44
675,강남구,2330, 스타벅스 앞,서울특별시 강남구 도곡로 183,10,37.492199,127.03945900000001,139,102,-0.37,0.77
676,강남구,2331, 동영문화센터앞,서울특별시 강남구 언주로 337,20,37.498051000000004,127.044601,145,83,-0.62,0.8
677,강남구,2334, 8.삼호@ 2동 ( 간선도로),서울특별시 강남구 선릉로 지하 228,15,37.493759000000004,127.045898,69,59,-0.1,0.38
678,강남구,2335, 3호선 매봉역 3번출구앞,서울특별시 강남구 남부순환로 2748,10,37.486767,127.046761,13,9,-0.04,0.07
679,강남구,2337, 대모산입구역 2번출구 앞,서울특별시 강남구 영동대로 101,15,37.492077,127.071976,168,179,0.11,0.93
680,강남구,2339, 현대아파트 정문 앞,서울특별시 강남구 언주로 107,10,37.483261,127.052299,6,9,0.03,0.03
681,강남구,2340, 삼호물산버스정류장(23370) 옆,서울특별시 강남구 논현로 82,15,37.477509000000005,127.045174,20,15,-0.05,0.11
682,강남구,2343, 세곡사거리 대왕파출소 앞,서울특별시 강남구 헌릉로 623,10,37.465317,127.107727,23,19,-0.04,0.13
